#,Position,Type,Poids %,Δ poids (pts),Titres,Δ titres %,Δ prix %,Statut,Valeur $,T1 26,T4 25,T3 25,T2 25,T1 25,T4 24
1,SPY,Actions,12.669947426355069,1.590237633067531,4364862.0,-2.032381734308357,-4.631041768373157,Allégé,2838644353.0,12.669947426355069,11.079709793287538,6.6939514973122405,6.505443556400464,8.67403748466447,22.120150570168704
2,IVV,Actions,7.8109342865209905,-2.643874634548262,2679084.0,-35.992664353810184,-4.632522515146809,Allégé,1750004460.0,7.8109342865209905,10.454808921069253,10.616698411429939,5.784690022092807,5.670588441935178,5.504182032861345
3,AMZN,Actions,4.079693427009495,2.43976081477199,4388711.0,125.263800305299,-9.769517313701781,Renforcé,914036840.0,4.079693427009495,1.6399326122375053,0.9676211390287067,1.1007900135958424,1.1682378745552877,0.9251813183851977
4,NVDA,Actions,3.653096468403956,1.024291550250822,4693003.0,21.416664834077366,-6.487935744548601,Renforcé,818459723.0,3.653096468403956,2.628804918153134,1.8343593896886576,4.606905782065266,1.4290218435107633,2.1533146321280907
5,GOOGL,Actions,2.563993503366499,0.7481684352764058,1997674.0,25.574638583980903,-8.127795597525921,Renforcé,574451135.0,2.563993503366499,1.8158250680900934,2.5273044439982186,3.981018591042434,2.1827120013510797,3.142963290027546
6,AVGO,Actions,2.5355052195403633,1.0641745513263692,1835380.0,57.443340710621584,-10.572088960136018,Renforcé,568068464.0,2.5355052195403633,1.4713306682139942,1.092551209497224,1.2819863398079965,0.7276568283269651,0.6986644166028143
7,MU,Actions,2.2252261304826577,1.2992698626490953,1475704.0,65.87653432849243,18.370064219285997,Renforcé,498551839.0,2.2252261304826577,0.9259562678335624,0.0011116365927045868,,,
8,MSFT,Actions,1.7926123307993493,0.05702487795832156,1084979.0,10.251897436314325,-23.45850048998175,Renforcé,401626676.0,1.7926123307993493,1.7355874528410278,2.2261276715299325,3.44101468933632,1.4097216938222688,1.2890509495489926
9,GEV,Actions,1.694395282310051,0.1070501256810985,434897.0,-34.69985600535738,33.55876186051168,Allégé,379621591.0,1.694395282310051,1.5873451566289525,1.5683231549279277,1.6611109458594342,0.8792105303807496,0.3637810155708801
10,TSM,Actions,1.6246650491949848,,1077079.0,,,Nouveau,363998848.0,1.6246650491949848,,,,,
11,LRCX,Actions,1.4983957712174096,-0.4003674935120025,1571229.0,-48.34305992679658,24.81598311875843,Allégé,335708788.0,1.4983957712174096,1.8987632647294121,1.816957022911589,0.643436143443943,0.6611678043686413,0.8389661544444266
12,AMD,Actions,1.1738134607219568,-0.11991718620255365,1292767.0,-21.959195352686674,-5.01027253900439,Allégé,262987591.0,1.1738134607219568,1.2937306469245105,1.1375138159711324,1.004638083493971,1.0315331323873163,0.9955442265206729
13,NEM,Actions,1.1193102258031338,0.2785699053053742,2316641.0,0.33487677513492303,8.412618655729576,Inchangé,250776388.0,1.1193102258031338,0.8407403204977596,0.1279187912862095,0.17973154645603934,0.32826042598958827,0.23991108813170714
14,ORCL,Actions,1.0453648929986077,-0.28628606038366433,1592069.0,-15.020808857949453,-24.524139274179934,Allégé,234209271.0,1.0453648929986077,1.331650953382272,0.44760009113477855,0.2942914458449507,0.37616922592932056,0.06760319813348391
15,EWY,Actions,0.9697501714024038,0.23502082159447535,1766264.0,-14.770324432361589,26.527463543806263,Allégé,217268135.0,0.9697501714024038,0.7347293498079285,0.6385727589327513,0.471249601905743,0.3771367603030187,0.7360648641697491
16,MRVL,Actions,0.8616250896067595,0.5556834826681573,1948947.0,97.41729823687074,16.556836080169155,Renforcé,193043200.0,0.8616250896067595,0.3059416069386023,0.11812992178026886,0.12536060101849525,0.00866469473550792,0.015326027365085069
17,AMAT,Actions,0.8541764811428864,0.40660066098555026,559918.0,17.24140819176803,32.99739299101046,Renforcé,191374373.0,0.8541764811428864,0.4475758201573361,0.37174398437631634,,0.004255130289589904,0.012338698896317484
18,JNJ,Actions,0.7603203197124124,-0.2313193762069724,696884.0,-46.962992728839126,18.11548690374063,Allégé,170346325.0,0.7603203197124124,0.9916396959193848,1.246252722697984,1.406348264392249,0.22873644811351102,0.35668348793483634
19,META,Actions,0.7448054826262023,0.20631495498828167,291665.0,30.381625473288004,-13.325455800596053,Renforcé,166870296.0,0.7448054826262023,0.5384905276379206,1.1993922271292308,2.4027887862169424,1.1380948065747096,1.667288236492474
20,ANET,Actions,0.7289081606846397,0.09365457539264666,1330091.0,0.048817473797277355,-6.296267878887518,Inchangé,163308573.0,0.7289081606846397,0.635253585291993,0.3883476337489877,0.37164850722201975,0.3032106370337102,0.34107768966250496
21,KLAC,Actions,0.7141973568077928,0.3669450959075816,108674.0,38.673166000995316,21.178029630807593,Renforcé,160012684.0,0.7141973568077928,0.3472522609002112,0.47635107372104735,0.09040242834949225,0.09356401735388477,0.3346638426961774
22,CLS,Actions,0.6608342565124081,0.2923956495567941,525621.0,53.79197949522199,-4.712289889509358,Renforcé,148056923.0,0.6608342565124081,0.36843860695561403,0.15364585596277514,0.3955342423037749,0.23259005052454254,0.1660511238901767
23,VWO,Actions,0.6566079894470751,0.14587178016248825,2721740.0,4.475927552342757,0.5394347822432977,Renforcé,147110047.0,0.6566079894470751,0.5107362092845869,0.5254238191455582,0.3663777097761305,0.4563368561736942,0.4482908749428023
24,AAPL,Actions,0.6383018306079435,0.3513180429728596,563492.0,94.66267778119398,-6.646803221737341,Renforcé,143008635.0,0.6383018306079435,0.2869837876350839,0.3438825225993218,0.2952886580802767,0.9691640908538354,0.7086311995824013
25,UNP,Actions,0.5770260196331334,0.5310439630037552,532850.0,877.5449925700343,4.885006783238222,Renforcé,129280067.0,0.5770260196331334,0.04598205662937818,0.18020477462707965,,0.020469440848813258,0.0022614719485120195
26,MBB,Actions,0.5763651403991442,0.0987652850006992,1360000.0,-1.1196742765740877,-0.2835538752362865,Allégé,129132000.0,0.5763651403991442,0.477599855398445,0.5050900810696669,0.5530000102841217,0.6298360383098509,0.6030577924815728
27,STX,Actions,0.5754853011498796,0.2943097785201818,329117.0,17.551441725570317,42.25643647028028,Renforcé,128934876.0,0.5754853011498796,0.2811755226296978,0.14990480268965647,0.01506831306991054,,0.011310371975825052
28,B,Actions,0.5605991623304135,0.16568771520935982,3079243.0,23.837999379853443,-6.342630581299257,Renforcé,125599704.0,0.5605991623304135,0.3949114471210537,0.07858020890476393,0.14223761117854122,,
29,ASML,Actions,0.543529140947518,0.20765110484434535,92196.0,7.093821510297483,23.45820919317618,Renforcé,121775243.0,0.543529140947518,0.3358780361031727,0.3420668383988399,0.03688595793771094,0.11381811703749932,0.04483352056634094
30,FIX,Actions,0.5321697951156001,0.30005564824374187,86462.0,26.778985029106,47.75578751749647,Renforcé,119230233.0,0.5321697951156001,0.23211414687185827,0.1683578565263636,0.026486382273657533,0.19063738818079087,0.19623827686529896
31,MO,Actions,0.502338520524512,-0.18667075577598502,1705511.0,-47.951156496175635,14.44675675640883,Allégé,112546671.0,0.502338520524512,0.689009276300497,0.9563413504767838,0.891773270653342,0.9228095655902719,0.6413897170215282
32,LQD,Actions,0.4970200108993383,0.0954248069018207,1021700.0,2.231338803281969,-1.0890280424720955,Renforcé,111355083.0,0.4970200108993383,0.4015952039975176,0.42028843653141057,0.45773049599560867,0.5164171526114987,0.4870021391416253
33,GOOG,Actions,0.49550384993089486,,387002.0,,,Nouveau,111015394.0,0.49550384993089486,,,,,
34,SE,Actions,0.4945887946162262,-0.21871395704753316,1338128.0,-12.727120942248229,-35.086618814101435,Allégé,110810380.0,0.4945887946162262,0.7133027516637593,1.1241648693138115,0.5631589127890204,0.3061617365719073,0.29042989409446046
35,APH,Actions,0.48671421012573357,0.09326212641954279,863048.0,8.102068730553983,-6.5043657060136155,Renforcé,109046115.0,0.48671421012573357,0.3934520837061908,0.3564319448849713,,,
36,VRT,Actions,0.48066476405965297,0.22626199829799976,429766.0,-0.19345144786680882,54.66946442353131,Inchangé,107690764.0,0.48066476405965297,0.2544027657616532,0.14798626541762822,0.0445524469959868,0.30494194010243514,0.10606730790519281
37,NUE,Actions,0.4668386466623658,,618528.0,,,Nouveau,104593085.0,0.4668386466623658,,,,0.06289242518504268,
38,TER,Actions,0.4484979323380179,0.3074933246599001,338946.0,69.6757625362308,53.161810681292046,Renforcé,100483931.0,0.4484979323380179,0.14100460767811782,0.11183984692070871,,,
39,CSX,Actions,0.4351933920959798,0.34385101467325757,2375228.0,243.7541879713503,13.241377715515789,Renforcé,97503109.0,0.4351933920959798,0.09134237742272223,0.02155943910100322,0.015739101719707545,0.10034439454324835,0.0468778503844701
40,CRDO,Actions,0.4307934504652558,0.2622962121683222,1028202.0,220.20142567523382,-34.76266604612563,Renforcé,96517322.0,0.4307934504652558,0.1684972382969336,0.20124072308913976,,,
41,VOO,Actions,0.4230755484538432,0.33957748688114836,158628.0,334.47822514379624,-4.716724553484253,Renforcé,94788161.0,0.4230755484538432,0.08349806157269483,0.005088038345615696,,0.01813238955444991,
42,IEMG,Actions,0.41808630680850706,0.10636589702546256,1342944.0,5.608326970094217,3.7637607126457473,Renforcé,93670344.0,0.41808630680850706,0.3117204097830445,0.2998047400717695,4.16072104309961,4.74675309802016,4.22796462290317
43,C,Actions,0.4016197298903208,0.0967946217905471,793414.0,10.761735245873034,-2.810865826642084,Renforcé,89981082.0,0.4016197298903208,0.3048251080997737,0.5014039368270123,0.5601229911246172,0.6625850243564307,0.506148246805585
44,ARM,Actions,0.4006492572539721,0.27056924365179674,593361.0,81.83408923755823,38.39538991253655,Renforcé,89763652.0,0.4006492572539721,0.13008001360217536,,0.3090560162949234,,
45,PCAR,Actions,0.4005964286924864,,777072.0,,,Nouveau,89751816.0,0.4005964286924864,,,,,
46,NRG,Actions,0.3838670836878028,0.162691559971371,588502.0,54.51478322056549,-8.226576475384073,Renforcé,86003682.0,0.3838670836878028,0.22117552371643182,0.20659670982547904,0.5292374332892232,0.289731709050127,0.4903183558006947
47,TLN,Actions,0.3791497466670986,0.01657421914206525,266099.0,0.32234470902263573,-14.83566301997965,Inchangé,84946784.0,0.3791497466670986,0.36257552752503336,0.24773432667785214,0.1794427725473426,0.04822464138114631,0.019737743287972405
48,BKR,Actions,0.3764835155921256,0.3167308143048141,1381645.0,284.00681495398794,34.05797372619903,Renforcé,84349427.0,0.3764835155921256,0.059752701287311506,0.014120352528551733,,0.06935028473054214,0.06590357875374996
49,EMXC,Actions,0.3764661887523413,,1072280.0,,,Nouveau,84345545.0,0.3764661887523413,,,,,
50,SNPS,Actions,0.3687099596999117,,208353.0,,,Nouveau,82607797.0,0.3687099596999117,,,0.06529342162718428,0.16990714860485673,0.0761851332322799
51,ALAB,Actions,0.36734964209517496,0.22142617001920634,750940.0,212.20222009728516,-34.11877888182282,Renforcé,82303024.0,0.36734964209517496,0.14592347207596862,0.013405810428899288,0.029263931316516927,,
52,HCA,Actions,0.3671111235502923,-0.19354247967346805,173801.0,-47.22219691655507,1.3665764213412812,Allégé,82249585.0,0.3671111235502923,0.5606536032237603,0.5685804955379726,0.6284723693363703,0.6873206977550584,0.6475452546695186
53,TSEM,Actions,0.362421887967837,,462725.0,,,Nouveau,81198983.0,0.362421887967837,,,,,
54,STLD,Actions,0.35195632051981696,,438079.0,,,Nouveau,78854220.0,0.35195632051981696,,,0.013792523881430116,0.27507866485372473,0.12311953290912436
55,WFC,Actions,0.3349266257720198,-0.05305757041560477,942580.0,-17.42908702279377,-14.5815448367129,Allégé,75038794.0,0.3349266257720198,0.3879841961876246,0.8324346046096189,1.1468900785109077,1.137905845456162,0.6228867784700107
56,MFC,Actions,0.32394247609649296,-0.01524465044032619,2113648.0,-17.373364539139065,-5.5609458264866625,Allégé,72577845.0,0.32394247609649296,0.33918712653681915,0.3650830845505851,0.4031748759486701,0.46192450822179704,0.27507824211488857
57,ONTO,Actions,0.31889692891692717,0.2652806498344936,348405.0,274.08198763099125,29.906245050995395,Renforcé,71447413.0,0.31889692891692717,0.05361627908243357,0.03240715543760708,0.07760121553805649,0.11917392531295742,0.028782608664945773
58,AMKR,Actions,0.3177445735600191,0.3067825345690412,1580929.0,1976.372161441574,14.057740343906522,Renforcé,71189233.0,0.3177445735600191,0.010962038990977942,,,,0.0619825634239347
59,TEL,Actions,0.31362869480008176,-0.0520924353337095,336174.0,-23.735653957227864,-8.12711636811686,Allégé,70267089.0,0.31362869480008176,0.36572113013379126,0.20628238040310143,0.14751379752182156,0.08135375805423467,0.055516334775640476
60,WDC,Actions,0.30066467471796793,0.25521935528032635,249039.0,244.26657819433498,57.015144457383606,Renforcé,67362559.0,0.30066467471796793,0.045445319437641574,0.02443887853017731,,,
61,UTHR,Actions,0.2942304228391192,0.17945266323998627,111169.0,72.10155584797585,21.699332726142238,Renforcé,65920994.0,0.2942304228391192,0.11477775959913296,0.026381597399198816,0.22615281143708177,0.2771519156815751,0.17427604745187145
62,LLY,Actions,0.29070327724457906,0.003464723422380467,70812.0,-3.383725372482672,-14.414524186481614,Allégé,65130753.0,0.29070327724457906,0.2872385538221986,0.031207238192085332,,0.01052208941659467,0.2985771093736473
63,CSCO,Actions,0.28497871165614436,0.15512338213121538,822892.0,78.01227429169722,0.7269890711754101,Renforcé,63848190.0,0.28497871165614436,0.12985532952492898,0.4788195513554754,0.5244787868093794,0.07209740517428431,0.002765789486480471
64,VALE,Actions,0.28307156755750323,-0.003196033199530657,3986229.0,-33.83299883791128,22.10283871007077,Allégé,63420903.0,0.28307156755750323,0.2862676007570339,0.312238777789229,0.14810365187060728,0.042798275991816806,0.16173909133965872
65,CI,Actions,0.27204525679784375,-0.073680288707003,228493.0,-33.66477767584453,-3.081059120889118,Allégé,60950508.0,0.27204525679784375,0.34572554550484674,0.6810444062907567,0.8222272466331304,0.8260530615284364,0.7336560449569005
66,CAT,Actions,0.2608817149675999,0.1310283765727458,82502.0,32.7316311919816,23.66854483779026,Renforcé,58449367.0,0.2608817149675999,0.12985333839485408,,,,
67,MCK,Actions,0.2602544092753052,0.05859519861461737,67381.0,-0.04746858914452702,5.494397594287448,Inchangé,58308822.0,0.2602544092753052,0.20165921066068782,0.16989255550560295,0.4367675843043443,0.48774374458833714,0.8606058960901365
68,AU,Actions,0.25956122409944105,0.003640495162532953,597304.0,-27.415458350143634,14.165102716132338,Allégé,58153517.0,0.25956122409944105,0.2559207289369081,0.06412486702470084,0.08742787799781696,0.10661608593328237,0.042007156306806306
69,CEG,Actions,0.2571806761020661,0.20186535405706885,206339.0,380.56221906514196,-20.95281200569027,Renforcé,57620166.0,0.2571806761020661,0.05531532204499723,,0.18877746417103303,0.8808815527695345,0.9705362624899813
70,MNST,Actions,0.2492810208081039,0.019042146497474016,770774.0,-6.3989206610586695,-5.491065838192766,Allégé,55850284.0,0.2492810208081039,0.2302388743106299,0.161162662101782,0.009982036956394134,0.02064555526507832,0.06741836071479795
71,CIEN,Actions,0.24925892261547844,0.06790264537991647,143846.0,-32.35328696453681,66.00248262731722,Allégé,55845333.0,0.24925892261547844,0.18135627723556197,0.09227576367541071,0.015732115514407195,,
72,SBSW,Actions,0.243405392135563,0.22959898371820692,4426451.0,1566.0836344474556,-13.543860156439846,Renforcé,54533876.0,0.243405392135563,0.013806408417356083,0.029721916991899928,0.023231593123225185,0.050723007171124414,0.0337327440908316
73,EME,Actions,0.23992841046486002,0.05827183361706331,72808.0,-10.579450271425413,20.680298638343174,Allégé,53754874.0,0.23992841046486002,0.1816565768477967,0.2586513834402422,0.4496562739254502,0.3766975784570628,0.1346067555298948
74,LNG,Actions,0.23604673416168803,0.1851552801192109,186373.0,159.6085805822538,45.97458689123675,Renforcé,52885202.0,0.23604673416168803,0.05089145404247712,0.03701478971245221,0.008211723659352299,0.008975080156017641,0.008235789608632261
75,VST,Actions,0.23384587736546641,0.05155194196873997,348514.0,12.478658959686815,-6.818321699876706,Renforcé,52392110.0,0.23384587736546641,0.18229393539672645,0.25966558852793836,0.6391723155258864,0.8860787513624622,1.1210473437387032
76,NXPI,Actions,0.23089627524355183,-0.05611424677720844,262782.0,-27.525607717893134,-9.306181596416685,Allégé,51731265.0,0.23089627524355183,0.2870105220207603,0.46739568780666046,0.1456352464458943,0.0370937695232063,0.0014303889965000078
77,BAC,Actions,0.2269237066772763,0.024267454041980524,1042897.0,3.2169660716176773,-11.363635927787508,Renforcé,50841229.0,0.2269237066772763,0.20265625263529577,0.11541286688700308,,,
78,INSM,Actions,0.21572887655571651,,295579.0,,,Nouveau,48333078.0,0.21572887655571651,,,,,
79,TPR,Actions,0.2017620912855178,0.05152795023387133,320345.0,-0.6460357040951779,10.440634459543151,Allégé,45203883.0,0.2017620912855178,0.15023414105164648,0.11118701039627707,0.2265153680636503,0.28109584400330906,0.2598063707609537
80,BTI,Actions,0.19986627078103764,-0.4096771975072399,765848.0,-74.05732504357947,3.2673979167415323,Allégé,44779133.0,0.19986627078103764,0.6095434682882775,0.7782281840980421,0.650829767134922,0.6207478013937514,0.44650597314151375
81,CVS,Actions,0.19824323418697962,-0.10197343252843813,618428.0,-40.38397766621166,-9.501008290817737,Allégé,44415499.0,0.19824323418697962,0.30021666671541775,0.35236706269608303,0.23277067995370773,0.09739308158926757,0.03323962729238566
82,MET,Actions,0.1977643269411427,-0.09503142715908197,626530.0,-38.39992999656865,-10.412970599975669,Allégé,44308202.0,0.1977643269411427,0.2927957541002247,0.5349984310056951,0.6130512892012445,0.6662605776907236,0.44974749833617006
83,CENX,Actions,0.19188704235475326,0.15305254462599577,732517.0,169.50786981508327,49.79581006770564,Renforcé,42991423.0,0.19188704235475326,0.038834497728757494,,,0.006330190512127963,0.036027148872741145
84,ALL,Actions,0.1915469774595529,-0.020094650782281315,206980.0,-25.76466199931137,-0.3891422230227204,Allégé,42915233.0,0.1915469774595529,0.21164162824183422,0.19950644856769786,0.3229612592913179,0.42939354959560594,0.33721761130730843
85,CFG,Actions,0.19101868291793717,0.009131233443924913,713638.0,-16.42633882302791,2.6707763614502777,Allégé,42796871.0,0.19101868291793717,0.18188744947401225,0.17568032065849648,0.07511379166184742,0.00844331761521014,0.013204204751454736
86,BPOP,Actions,0.18996532532156912,0.047741609964113085,317216.0,1.2812776378259467,7.749758568075782,Renforcé,42560871.0,0.18996532532156912,0.14222371535745604,0.08151768730057536,0.0024223174444810256,0.006223375912400076,0.016553927347663092
87,ZION,Actions,0.18641173420262863,0.007656423505439075,724830.0,-13.436079944108393,-1.5715742495662877,Allégé,41764705.0,0.18641173420262863,0.17875531069718956,0.12087611759367604,0.03648265785863725,,
88,COHR,Actions,0.17369639578085055,0.14072950310982207,163368.0,233.54703035995018,29.062143943540786,Renforcé,38915891.0,0.17369639578085055,0.032966892671028473,,,,
89,GSK,Actions,0.17210513844986935,-0.08122198675383352,698666.0,-50.677467746774674,12.540784376830283,Allégé,38559377.0,0.17210513844986935,0.2533271252037029,0.23699667519313877,0.20817928973334712,0.21623611964806205,0.348524604263474
90,SLB,Actions,0.17082881272330402,0.07740392475419211,744764.0,11.575298240147177,33.89786162439334,Renforcé,38273422.0,0.17082881272330402,0.09342488796911191,0.10928742510323043,,0.022988851290850862,0.06806961746723908
91,FHN,Actions,0.16574958488093236,0.08481754660782245,1631610.0,75.71173802354582,-4.769874309432176,Renforcé,37135444.0,0.16574958488093236,0.08093203827310991,,,,0.004140550741422335
92,DECK,Actions,0.16432872153130265,-0.0549873419682321,367840.0,-36.591336125907155,-3.4532646009989842,Allégé,36817106.0,0.16432872153130265,0.21931606349953475,0.02523441115596549,,0.20243914183365125,0.12496365237380748
93,DELL,Actions,0.16365128315882826,0.09188646245206682,223392.0,42.89588823785277,30.386083185184788,Renforcé,36665329.0,0.16365128315882826,0.07176482070676145,,,,
94,KGC,Actions,0.15786970682218,0.10462750127398815,1159586.0,124.00489895897122,8.15046951971361,Renforcé,35369993.0,0.15786970682218,0.05324220554819184,0.053612774644940096,0.06865873157740279,0.09020648137410482,0.04555331135659721
95,ALNY,Actions,0.15741489736304987,0.033258820295283806,106592.0,24.498639288926263,-16.79366274093822,Renforcé,35268095.0,0.15741489736304987,0.12415607706776606,0.06057510025130329,,,0.006960780498508706
96,BWA,Actions,0.15736299272115087,0.009195633747005466,649769.0,-27.93827992955403,20.41722180594614,Allégé,35256466.0,0.15736299272115087,0.1481673589741454,0.15074916467013783,0.08465830339368664,0.09522972754544552,0.08703186428128824
97,HPE,Actions,0.1569464076453059,-0.1215422672861943,1476822.0,-53.54840779537196,-0.8742703878678704,Allégé,35163132.0,0.1569464076453059,0.2784886749315002,0.164561490739144,0.10132196404048122,0.0014721884705057246,0.0011265706562632977
98,CMCSA,Actions,0.15282665467183615,-0.22977029841201518,1192620.0,-66.02233838516791,-3.947809485669651,Allégé,34240120.0,0.15282665467183615,0.38259695308385133,0.8442970235331606,1.253610334210404,0.8710211218744266,0.5161333874442176
99,GE,Actions,0.152757597261959,-0.03874782734783683,120607.0,-29.255702914660116,-7.875856437951856,Allégé,34224648.0,0.152757597261959,0.19150542460979583,0.15499355006962431,0.14950324855648323,0.2032109182600394,0.17040888553443087
100,TEVA,Actions,0.15169951294654624,0.06587216833471382,1128406.0,49.637511553614736,-3.4924714942656143,Renforcé,33987589.0,0.15169951294654624,0.08582734461183242,0.0684300256779948,,,0.0009491606620662814
101,TFC,Actions,0.15012211440936474,-0.00958418979103981,731655.0,-17.78621528144531,-6.584028992706825,Allégé,33634180.0,0.15012211440936474,0.15970630420040455,0.1311941304267926,0.03755668608342047,,
102,ASX,Actions,0.14978023291864864,,1547859.0,,,Nouveau,33557583.0,0.14978023291864864,,,,,
103,VLO,Actions,0.14777458203122848,0.09651477986516466,133998.0,55.187269821416166,51.77836916920133,Renforcé,33108226.0,0.14777458203122848,0.05125980216606383,0.030903035033797717,,,
104,HALO,Actions,0.1475310154039666,0.009704947856285728,511429.0,-8.92985289639711,-3.9673110801294764,Allégé,33053656.0,0.1475310154039666,0.13782606754768087,0.13993643389043448,,,
105,VOD,Actions,0.14010266175692518,0.04184478690302931,2089838.0,2.460166135613845,13.701743620353968,Renforcé,31389367.0,0.14010266175692518,0.09825787485389587,0.09304037300188496,0.031026455720697923,0.02826931915519914,0.026587708447038245
106,WMT,Actions,0.139680675991709,0.030547959786435236,251809.0,-6.255142194474537,11.551925205347136,Allégé,31294823.0,0.139680675991709,0.10913271620527376,0.11141666701466803,0.09702268879437638,0.13239388716147515,0.3228942128909501
107,HIG,Actions,0.1394578149826232,-0.11682706101221899,231050.0,-54.69572310371061,-1.8650204795445102,Allégé,31244892.0,0.1394578149826232,0.2562848759948422,0.35175421414218555,0.3597173512556743,0.3527086654433981,0.1738251936157335
108,NVT,Actions,0.13789071346228415,0.091977908774523,261192.0,111.54631159490718,15.994900993502936,Renforcé,30893790.0,0.13789071346228415,0.04591280468776115,0.04475989707821559,,,
109,GRAB,Actions,0.13596412688190665,-0.07392550381894258,8322991.0,-27.84009111076181,-26.65330666848822,Allégé,30462147.0,0.13596412688190665,0.20988963070084923,0.35790885560585256,0.2146903160987054,0.1396088809548134,0.03344218049392668
110,FNB,Actions,0.13548966516219682,0.01895447435209416,1815541.0,-2.8479282005948323,-2.222220064161118,Allégé,30355846.0,0.13548966516219682,0.11653519081010266,0.07919766814060879,,,
111,NXT,Actions,0.1354276554287801,0.0545068455247191,251696.0,-1.192228725763839,38.3882433526787,Allégé,30341953.0,0.1354276554287801,0.080920809904061,0.025936825242611105,0.004258067928929097,0.02257758515729405,0.035338420305270374
112,TOL,Actions,0.13245014825732107,-0.020556922224059138,217446.0,-29.92100861460519,0.9244210937187081,Allégé,29674856.0,0.13245014825732107,0.1530070704813802,0.21343625105209865,0.1992998348974182,0.13610097963701578,0.2466727265421438
113,SHEL,Actions,0.12957459360372747,-0.13934771876332697,312157.0,-68.89556057980603,26.56505164610019,Allégé,29030601.0,0.12957459360372747,0.26892231236705444,0.3136356146361204,0.36990925268988134,0.35737131317190984,0.23869610361504598
114,QCOM,Actions,0.12866362228143458,-0.008624931314974965,223843.0,1.704287298039002,-24.712072091954074,Renforcé,28826502.0,0.12866362228143458,0.13728855359640954,0.3460707122949089,0.49062437004013865,0.7768646669445417,0.6343324350226226
115,GMED,Actions,0.1270844339290152,0.03657966585132981,330463.0,16.257871591908533,-1.3171480677250047,Renforcé,28472692.0,0.1270844339290152,0.09050476807768539,0.1034433406858023,0.10394777286556123,0.045206093176361685,
116,CRWV,Actions,0.1258718452637894,,364025.0,,,Nouveau,28201017.0,0.1258718452637894,,0.14504096414004203,,,
117,BNY,Actions,0.12514301553807528,-0.022898161949398643,236346.0,-32.412321841184145,2.187957490602832,Allégé,28037726.0,0.12514301553807528,0.14804117748747392,0.1710511803140753,0.20285255424178505,0.407480708209715,0.34884232839289275
118,PSX,Actions,0.12461672951730007,0.09755051070898131,153254.0,166.44991915433698,41.181024467082736,Renforcé,27919814.0,0.12461672951730007,0.027066218808318766,0.014558606269879964,,,
119,COST,Actions,0.12282954767339443,0.027411677076097055,27618.0,-8.977654736009493,15.549553549321171,Allégé,27519404.0,0.12282954767339443,0.09541787059729738,0.150456662537319,0.10006527397561348,0.1454420400251897,0.33773053915588813
120,SU,Actions,0.12132468798221367,0.04556029231681093,412239.0,-11.81544174743782,48.36608497352639,Allégé,27182247.0,0.12132468798221367,0.07576439566540275,0.0833958957955024,0.075036285925793,0.2017411469552574,0.12017715411300461
121,EVR,Actions,0.12049628471998526,-0.014038488574938654,90438.0,-16.58934747521328,-12.26745104449316,Allégé,26996647.0,0.12049628471998526,0.13453477329492392,0.09419259691460369,0.005165859156574103,0.04196181138560824,0.042262746820994214
122,LUV,Actions,0.11744413198733275,0.10681064769250997,700368.0,892.7116553982225,-9.097512334172153,Renforcé,26312826.0,0.11744413198733275,0.010633484294822774,,,0.1329015337187277,
123,DG,Actions,0.11474144402741426,0.07971682417993974,216519.0,199.31571235035528,-10.574675141546773,Renforcé,25707301.0,0.11474144402741426,0.03502461984747453,0.019066631011541078,0.005715837278108509,0.0067152482595551274,0.04239838901451582
124,MELI,Actions,0.11322010553858186,-0.010081784020556456,14671.0,-12.599785535565353,-14.161032350267577,Allégé,25366452.0,0.11322010553858186,0.12330188955913832,0.2424670005740657,0.020873857741714092,0.015404819852281523,0.013705771391464325
125,GILD,Actions,0.11242948032167402,-0.01845235698556516,180737.0,-38.189708829504184,13.548968081990864,Allégé,25189316.0,0.11242948032167402,0.13088183730723918,0.1675648113967832,0.2979732768783816,0.26146163366073794,0.1952067359790246
126,AME,Actions,0.11146753720382807,0.10801745579773309,116504.0,2428.298611111111,4.40801957121395,Renforcé,24973797.0,0.11146753720382807,0.003450081406094982,0.02665748227388618,,0.0010110758330408045,0.0009355528868297715
127,OGE,Actions,0.1108783532370867,0.021902364620008274,517969.0,-9.350416610517732,12.318499625488455,Allégé,24841793.0,0.1108783532370867,0.08897598861707842,0.1021771894467665,0.07894027990121742,0.04163639407077031,0.00661197122215479
128,IREN,Actions,0.1103048803666979,0.07219441004650523,720925.0,160.55521020065922,-9.240139759739874,Renforcé,24713309.0,0.1103048803666979,0.03811047032019268,0.01433618493573434,,,
129,CDE,Actions,0.1091449595812905,0.06790260575736168,1302801.0,105.39646153312543,5.271410986396474,Renforcé,24453434.0,0.1091449595812905,0.04124235382392882,0.0061927608740576685,,,
130,RNR,Actions,0.10905596425453636,-0.010652497120145626,82204.0,-29.59092777853913,5.715608148633322,Allégé,24433495.0,0.10905596425453636,0.11970846137468198,0.1113484391068709,,0.002271486254040435,0.058527398908963114
131,UHS,Actions,0.10893226615103742,-0.06599185136214396,136368.0,-38.01792629492937,-17.911200261999227,Allégé,24405781.0,0.10893226615103742,0.17492411751318138,0.23223790299909805,0.24087193121654385,0.2899969663113372,0.26501456333953055
132,CAH,Actions,0.1086790095265649,-0.053694657742018315,115229.0,-46.817957345074745,2.82724949580182,Allégé,24349040.0,0.1086790095265649,0.1623736672685832,0.16726277059740377,0.17534423372905372,0.04620186802560791,0.22164651488832499
133,EQIX,Actions,0.10842579307250917,0.03602765442510193,24782.0,-4.36091386230318,27.94194541121349,Allégé,24292308.0,0.10842579307250917,0.07239813864740724,0.11012380750926255,0.2032527645787917,0.004584746327997905,0.005650147259817875
134,PBR,Actions,0.10659853007938581,,1150984.0,,,Nouveau,23882918.0,0.10659853007938581,,,,,
135,GFI,Actions,0.1056573863106885,-0.04990110949648552,521411.0,-46.63246057650875,3.98533839502333,Allégé,23672059.0,0.1056573863106885,0.155558495807174,0.06278168566687747,0.09575032413724699,0.10987152101846946,0.04933044096867413
136,ACGL,Actions,0.1054831672129807,-0.02849680284919706,246203.0,-35.72092464662604,0.07297826199312851,Allégé,23633026.0,0.1054831672129807,0.13397997006217777,0.1129142180780987,0.07136776175800061,0.11119113112207032,0.07538120622795182
137,RYAAY,Actions,0.10341520308232796,-0.10588372569629237,400860.0,-49.579197739956655,-19.933509479808244,Allégé,23169708.0,0.10341520308232796,0.20929892877862033,0.23132387545553093,0.10963079272662372,0.07361066226472623,
138,KMT,Actions,0.10307780282477606,,639195.0,,,Nouveau,23094115.0,0.10307780282477606,,,,0.014066939501808921,
139,PG,Actions,0.10180050854482761,0.004932934795613297,157906.0,-14.807041774794849,0.7885013234752991,Allégé,22807943.0,0.10180050854482761,0.09686757374921431,0.08514116230806096,0.08541185356793667,0.14604738461662853,0.3379017183662083
140,ANF,Actions,0.10116235683999406,0.019384722820997305,248057.0,39.23427519392899,-27.409230546232067,Renforcé,22664968.0,0.10116235683999406,0.08177763401899675,0.054410124905752554,0.03459441806150242,0.019037430219320587,0.1878686973344374
141,WWD,Actions,0.1008410649195832,0.02762263173592254,63123.0,-4.952418237667891,18.391106977038895,Allégé,22592984.0,0.1008410649195832,0.07321843318366066,0.05372135483373961,0.042945619776906016,0.042998348649535834,
142,FLG,Actions,0.10077566748101546,0.0225453155659473,1714376.0,0.6151791132546978,4.606833431859525,Renforcé,22578332.0,0.10077566748101546,0.07823035191506816,0.009538780162793964,0.018367645329541375,,
143,SN,Actions,0.09937076071361889,0.0319029482256476,210232.0,27.156707977233825,-5.361930979353469,Renforcé,22263569.0,0.09937076071361889,0.06746781248797129,0.002207846791603973,0.001607928393472817,0.002042087483960718,0.003140723123783725
144,MDT,Actions,0.09871454124797982,-0.00020742289376375622,255240.0,-9.613082801555318,-9.795960325737674,Allégé,22116546.0,0.09871454124797982,0.09892196414174358,0.12617780640098183,0.07108346918538279,0.07070509915950177,0.18727452171464268
145,OVV,Actions,0.0980208204665582,-0.07914056872510049,369965.0,-70.15484646442646,51.46720089965526,Allégé,21961121.0,0.0980208204665582,0.1771613891916587,0.1760185653003207,0.11379248571141813,0.0969243370177996,0.05415353534198973
146,VZ,Actions,0.09742850767068523,0.07891111467011433,434829.0,248.78678741306982,23.250685288134896,Renforcé,21828416.0,0.09742850767068523,0.018517393000570894,0.09705604193902749,0.010248642167440333,0.006423457849066228,
147,OTIS,Actions,0.09578377012479015,0.024049811934190105,278411.0,23.632173291354526,-11.757299750800232,Renforcé,21459920.0,0.09578377012479015,0.07173395819060005,0.037194586721815096,,,
148,KEYS,Actions,0.09520995357416867,0.06081047198829587,75544.0,62.72617611580217,38.968444865555064,Renforcé,21331359.0,0.09520995357416867,0.034399481585872804,0.05375185114551552,0.10225637706661485,,
149,CMI,Actions,0.09479717576116141,0.037494997642055425,39476.0,28.239612773283955,5.401121391576336,Renforcé,21238878.0,0.09479717576116141,0.057302178119105984,0.0077151986515168825,,,
150,STT,Actions,0.09274626174075495,-0.05958478725936145,164186.0,-49.29181619958862,-1.8990786750465505,Allégé,20779380.0,0.09274626174075495,0.1523310490001164,0.20600442718511058,0.25562257765918583,0.31389334966435944,0.2701954853496752
151,ONON,Actions,0.09263831044064581,0.08278570651751632,610088.0,949.5776489411118,-26.80722915294532,Renforcé,20755194.0,0.09263831044064581,0.009852603923129494,0.023679671183656686,,,
152,TMUS,Actions,0.09231757197931104,-0.07770990448158113,98478.0,-57.11467528338944,3.4426702268461895,Allégé,20683334.0,0.09231757197931104,0.17002747646089217,0.1218961124756953,0.10594100742249289,0.02155911400340165,0.21474234786980967
153,EXEL,Actions,0.09207915609216022,-0.0558842615663985,480996.0,-48.040427260314225,-2.1446519668076647,Allégé,20629918.0,0.09207915609216022,0.14796341765855872,0.13637924771889903,0.0037094047628957946,0.0014242719875977802,
154,RGA,Actions,0.09134032393266023,0.015862738520248346,100237.0,-1.4637359180543814,0.3440481684569452,Allégé,20464386.0,0.09134032393266023,0.07547758541241188,0.07456496303784257,0.08171803062436839,0.07972678746688397,0.01771152354807243
155,SNX,Actions,0.08967601446701907,0.030850351980472417,119089.0,10.909429569266589,12.301138933135402,Renforcé,20091505.0,0.08967601446701907,0.05882566248654666,0.03432968837283524,0.010555845621181701,0.09664914664370153,0.09880453841359003
156,PFG,Actions,0.08885375281518303,-0.0641011690213776,220922.0,-53.53774130523021,2.1539493016056843,Allégé,19907281.0,0.08885375281518303,0.15295492183656062,0.1596424180217659,0.14467115414805162,0.17788096541440895,0.09005954842311234
157,MEDP,Actions,0.08816342420229209,0.017906005658519977,41135.0,19.92012127572736,-14.503691625399352,Renforcé,19752616.0,0.08816342420229209,0.07025741854377211,0.06692946219789675,,,
158,DINO,Actions,0.08721855351159068,0.009687886892907574,313206.0,-32.11465727445137,35.39496292198887,Allégé,19540922.0,0.08721855351159068,0.0775306666186831,0.019752204552994066,,,
159,NBIX,Actions,0.08710774118512868,0.009529951154672256,148141.0,-1.2327488499233283,-7.114153671967516,Allégé,19516095.0,0.08710774118512868,0.07757779003045642,0.012668892615327264,0.004533958500599665,0.04476406733311475,0.20814956874574791
160,PRIM,Actions,0.08693662413627462,0.041311749256326684,136170.0,35.11341310948384,15.224751858083806,Renforcé,19477757.0,0.08693662413627462,0.04562487487994794,0.049472887590082254,,,
161,GPOR,Actions,0.0867213731894846,0.0001246537286446192,91835.0,-19.562932469124988,1.721238144787507,Allégé,19429531.0,0.0867213731894846,0.08659671946083998,0.10419739284333164,0.06499476135059426,0.06707123149512845,0.07295519390286032
162,KEY,Actions,0.08642266150670098,-0.014771065354268378,965716.0,-28.168898846050283,-2.858527388651644,Allégé,19362606.0,0.08642266150670098,0.10119372686096936,0.059482803451949715,0.053614620142481924,,
163,TKR,Actions,0.08616201798891494,0.08113537729393146,191948.0,1071.5576171875,19.541177092024853,Renforcé,19304210.0,0.08616201798891494,0.005026640694983487,,,,
164,BN,Actions,0.0860836097986802,-0.008656357590029834,477453.0,-15.506260230942795,-12.137032432084837,Allégé,19286643.0,0.0860836097986802,0.09473996738871003,0.10343017458382683,0.12724978871300052,0.13881150391333175,0.12718094948593006
165,BBIO,Actions,0.08599783256865054,0.07395541223382956,259459.0,500.9890669878625,-2.9154072608418846,Renforcé,19267425.0,0.08599783256865054,0.012042420334820971,,,,
166,PH,Actions,0.0851344274832411,0.06379317442541552,21306.0,220.0060078101532,1.8521810316572962,Renforcé,19073983.0,0.0851344274832411,0.02134125305782559,0.04538919052830257,,,
167,AAOI,Actions,0.08454829200479767,,223935.0,,,Nouveau,18942662.0,0.08454829200479767,,,,,
168,MPC,Actions,0.08422827214758585,-0.03174879687964578,77283.0,-60.47976763332703,50.144502103403795,Allégé,18870963.0,0.08422827214758585,0.11597706902723164,0.13865178899849004,0.08475312539957618,,
169,PLTR,Actions,0.08369304597738045,0.06291398448477682,128186.0,299.8814574494634,-17.704641701318202,Renforcé,18751048.0,0.08369304597738045,0.020779061492603623,0.07669983413361184,,,0.004356230311057069
170,VSXY,Actions,0.08283078351716029,0.0510078789496212,400299.0,148.49092444069228,-14.417576173571389,Renforcé,18557862.0,0.08283078351716029,0.03182290456753909,,,,
171,EBC,Actions,0.08218290610807891,0.03418472087508382,941345.0,31.81242167316619,6.131303675526145,Renforcé,18412708.0,0.08218290610807891,0.04799818523299509,0.028180707432034793,,,
172,ROKU,Actions,0.08212869389890312,-0.002156983608210983,194468.0,-8.71675475736723,-12.784590633639581,Allégé,18400562.0,0.08212869389890312,0.0842856775071141,0.08209916598103659,0.03167685449301613,,
173,SEIC,Actions,0.08149241681352072,-0.021961858984659022,232675.0,-32.72897590762034,-4.328215492379206,Allégé,18258007.0,0.08149241681352072,0.10345427579817974,0.08725155409075538,0.04697008142409733,0.052792592814863926,0.016230490520149753
174,UNM,Actions,0.08058626594124511,0.012356930075056241,247227.0,2.4078968079730254,-5.767740943839383,Renforcé,18054988.0,0.08058626594124511,0.06822933586618887,0.13286995858064343,0.18303596509262382,0.19737813498702125,0.11371869216661423
175,VLY,Actions,0.08058309247831708,0.018140130126965193,1470218.0,0.28779010081180134,5.136988033282663,Inchangé,18054277.0,0.08058309247831708,0.06244296235135188,0.03031942141564634,,,
176,AEM,Actions,0.080393662182777,-0.0026260176257618117,88737.0,-33.91890382395651,19.73101959287602,Allégé,18011836.0,0.080393662182777,0.08301967980853882,0.06294139467536859,0.152414164742559,0.24645200416613441,0.14890948094809228
177,CR,Actions,0.07895009362088999,0.0650204612379078,103441.0,399.44956786248855,-7.281902123972117,Renforcé,17688411.0,0.07895009362088999,0.013929632382982182,,,,
178,SPOT,Actions,0.07875158034777108,0.028900710574947065,36386.0,54.57094307561597,-16.497045505758166,Renforcé,17643935.0,0.07875158034777108,0.04985086977282401,,0.8787060697725523,0.12144507752490166,
179,REGN,Actions,0.07836565869009156,-0.12639866826783058,22724.0,-68.7621142346553,0.09975594617914751,Allégé,17557471.0,0.07836565869009156,0.20476432695792213,0.5184477790128589,0.18856976170594586,0.06176587749461459,0.0009438468441757439
180,FCNCA,Actions,0.07834892994317974,-0.0824094312287382,9314.0,-54.65433300876339,-12.185372019917473,Allégé,17553723.0,0.07834892994317974,0.16075836117191794,0.10606275645626596,,0.012051598582910586,
181,EMR,Actions,0.07834633671960563,,133973.0,,,Nouveau,17553142.0,0.07834633671960563,,0.022315477338181944,0.004771368472636659,,
182,ADI,Actions,0.07820253555418281,0.07556387976796354,55073.0,1964.2053973013492,17.308193263624403,Renforcé,17520924.0,0.07820253555418281,0.002638655786219275,0.03490258421205035,,,
183,KEX,Actions,0.07742900061793809,0.03440467654590735,130551.0,21.920264477628667,20.602653291915306,Renforcé,17347617.0,0.07742900061793809,0.04302432407203074,0.04726190694498814,,,0.07213065350316047
184,FTI,Actions,0.07738365714411816,-0.05065299021610761,250795.0,-68.16999187734795,55.13913599244169,Allégé,17337458.0,0.07738365714411816,0.12803664736022577,0.09312901796517035,0.1128766272721099,0.10911601058637602,0.03710774285445198
185,KO,Actions,0.07635737440868048,0.003415350923113805,224951.0,-21.37576937460898,8.782724535606867,Allégé,17107524.0,0.07635737440868048,0.07294202348556668,0.06532815708004136,0.06275653364266216,0.09594957434429795,0.20046888742106453
186,EQH,Actions,0.07593020219631609,-0.018989025247271613,458416.0,-16.07806810546993,-22.11962219406296,Allégé,17011818.0,0.07593020219631609,0.0949192274435877,0.1093969963731962,0.007614274030785655,0.007946114512936846,0.005396711615697744
187,CRS,Actions,0.07469210085303588,-0.09887648374984925,42457.0,-71.91495835896622,25.190577197614083,Allégé,16734427.0,0.07469210085303588,0.17356858460288513,0.03134406615278158,0.060632174627356455,0.12041305910821964,
188,URA,Actions,0.07447886735384568,0.009835079027256152,344552.0,-16.944601129093687,13.339568939124957,Allégé,16686653.0,0.07447886735384568,0.06464378832658953,0.08563304411723915,0.09023022161572326,0.08892015949328326,0.08201341947425389
189,PNW,Actions,0.07411896273612052,0.01782171452999625,164824.0,-5.296966841527668,13.585119112318766,Allégé,16606018.0,0.07411896273612052,0.05629724820612427,0.037332229484418784,0.012162963259882364,0.02219006384940754,0.06210878837677713
190,NBIS,Actions,0.0727395240129819,0.06378251653987359,157064.0,435.2690590600825,23.959135627211616,Renforcé,16296961.0,0.0727395240129819,0.008957007473108302,0.024384553179925782,,,
191,PPL,Actions,0.07256884883871274,0.06555938538438767,425621.0,675.4636883722626,9.080508182109416,Renforcé,16258722.0,0.07256884883871274,0.007009463454325073,0.014421370908229996,0.029619372662398537,0.0378346192188562,0.1047893599190832
192,PNC,Actions,0.0718387068793828,0.04942857435364152,77347.0,162.71865765429163,-0.30661876297549684,Renforcé,16095137.0,0.0718387068793828,0.022410132525741283,0.06622871297091777,0.03265470542035039,,
193,PEP,Actions,0.07181536340383618,0.02786482105167587,103612.0,23.385809893538475,8.200948684613763,Renforcé,16089907.0,0.07181536340383618,0.04395054235216031,0.04576130820903832,0.041334875926562736,0.0709993763278178,0.17257587789254572
194,MCD,Actions,0.07031444934026214,0.016924856405425015,50689.0,5.818128679387082,1.6883157424534723,Renforcé,15753634.0,0.07031444934026214,0.053389592934837124,0.07292476288085772,0.04766791136738946,0.07813681204168547,0.17189734598684248
195,SLF,Actions,0.06985983180645677,-1.9370485555086914e-05,250635.0,-18.24355842029208,-0.09188219060743963,Allégé,15651779.0,0.06985983180645677,0.06987920229201186,0.07445353887700075,0.08777586927372759,0.10675235655063058,0.04320792785068
196,ACM,Actions,0.06934179857464634,0.05450602696316931,183161.0,329.1997656707674,-11.024866591379679,Renforcé,15535716.0,0.06934179857464634,0.014835771611477032,0.029681686147720293,0.047710667589204545,0.0017479773366927745,
197,INDB,Actions,0.06891630905640833,0.01381024894747273,205297.0,-0.7138262732561794,2.9146105656602472,Allégé,15440387.0,0.06891630905640833,0.0551060601089356,0.02671294364602788,,,
198,USB,Actions,0.06864785462424243,-0.037902019431802506,295717.0,-45.99348379532396,-2.5299864851653475,Allégé,15380241.0,0.06864785462424243,0.10654987405604494,0.025039034977439752,,0.023898948981899856,
199,FLS,Actions,0.06844754260912632,0.038972647185000944,208616.0,79.07567641807444,5.952729314823935,Renforcé,15335362.0,0.06844754260912632,0.02947489542412537,,,,
200,CROX,Actions,0.06780838664387251,0.0019325446456993495,182994.0,-13.366599125115988,-2.923294394766218,Allégé,15192162.0,0.06780838664387251,0.06587584199817316,0.1089063524361466,0.012994729084813156,0.10227569603811547,0.1060149674866955
201,STRL,Actions,0.06737859889103576,0.018294226674858284,37066.0,-15.669010078947968,32.99481128736612,Allégé,15095870.0,0.06737859889103576,0.04908437221617747,0.0398724527771867,,,
202,PRU,Actions,0.06632022891932567,-0.09706169045912251,152101.0,-61.67765602835986,-13.456766212103465,Allégé,14858747.0,0.06632022891932567,0.16338191937844818,0.1582152533077237,0.2121435820823483,0.32648085847743846,0.2110443386678596
203,KR,Actions,0.06591336508434888,0.013767736133961164,204085.0,-10.825395438259196,15.813061696352637,Allégé,14767591.0,0.06591336508434888,0.05214562895038771,0.019583423038649007,0.2595656653423302,0.16948935009253016,0.06660568127013074
204,BMY,Actions,0.06542617380588972,-0.015005394287562646,241689.0,-40.89172691077351,12.439751465641757,Allégé,14658438.0,0.06542617380588972,0.08043156809345237,0.07844757247311075,0.504827486759986,0.6624802000908593,0.5344740688644616
205,EWW,Actions,0.06526926369444769,0.01005503708523283,194381.0,-10.991597408246903,8.510027624283412,Allégé,14623283.0,0.06526926369444769,0.05521422660921486,0.05279207717562611,0.02736956850572971,0.016814254803440534,0.22410535001089563
206,CB,Actions,0.06514803830327245,0.0007437836540485493,44783.0,-20.85432020218087,4.4245786938081455,Allégé,14596123.0,0.06514803830327245,0.0644042546492239,0.07417006224223353,0.017131913880574685,0.3817003645500124,
207,TRI,Actions,0.06422183792962868,,159909.0,,,Nouveau,14388612.0,0.06422183792962868,,,0.0017039967835643102,0.0996285237732352,0.05565712573317509
208,FIVE,Actions,0.06312008837114276,-0.004222549135469669,61895.0,-36.86631714233257,21.299640318161075,Allégé,14141770.0,0.06312008837114276,0.06734263750661243,0.012863144523913414,,,
209,SPGI,Actions,0.06207754554365606,-0.08682706398493638,32699.0,-58.15010110835232,-18.609232663678867,Allégé,13908193.0,0.06207754554365606,0.14890460952859244,0.0533008347858487,0.13644573236329519,0.3405874469202748,0.2173780473918155
210,EW,Actions,0.06144999882886051,0.03758575786708047,171923.0,123.9688908574555,-6.064507860095514,Renforcé,13767594.0,0.06144999882886051,0.02386424096178004,0.054930477773888646,0.14035942312713878,0.02102421517846888,0.03675355098775855
211,IDA,Actions,0.06096879740588578,0.03474352837327903,95543.0,68.14438069761712,12.966189473064805,Renforcé,13659783.0,0.06096879740588578,0.02622526903260675,0.011223159819356015,0.040583528101096784,0.025779670936036676,0.03460164730494805
212,ROK,Actions,0.060547106223726214,0.05907150744056007,37799.0,3534.519230769231,-7.759575541706843,Renforcé,13565305.0,0.060547106223726214,0.0014755987831661474,0.014563021085984193,0.006463401581304409,0.009078113584795685,0.00815005787374429
213,WAL,Actions,0.06033676945792603,,190800.0,,,Nouveau,13518180.0,0.06033676945792603,,,,,
214,ROST,Actions,0.060229286812679673,,62291.0,,,Nouveau,13494099.0,0.060229286812679673,,,,,0.06383824582970488
215,RAL,Actions,0.060047113972443396,,323474.0,,,Nouveau,13453284.0,0.060047113972443396,,,,,
216,NYT,Actions,0.0596010438106594,-0.0011781324381368932,159481.0,-33.57283284183869,20.61365685900729,Allégé,13353344.0,0.0596010438106594,0.06077917624879629,0.0250062352833486,0.0014679340358750741,,
217,AIG,Actions,0.059202004280201385,-0.06485972020802505,176265.0,-55.67433403996892,-12.039743334822518,Allégé,13263941.0,0.059202004280201385,0.12406172448822644,0.15304694522227502,0.13968123684424658,0.039494585742152026,
218,BYD,Actions,0.059036912793868926,-0.0068386629909425595,160951.0,-24.051415385922112,-3.5898650121762743,Allégé,13226953.0,0.059036912793868926,0.06587557578481149,0.07281222228471004,0.04651539320672892,0.051408322368284,0.011919131939631676
219,MPWR,Actions,0.05827739286971146,0.048787944086236996,11942.0,315.9526297457332,20.63085752311915,Renforcé,13056786.0,0.05827739286971146,0.009489448783474462,,,0.008815064712999148,
220,OZK,Actions,0.05801039349931004,0.02137143394614066,283220.0,29.728194651838148,-0.2824807681930386,Renforcé,12996966.0,0.05801039349931004,0.03663895955316938,0.021075646551146434,,,
221,WFRD,Actions,0.057829421308198424,0.004465063941343918,136989.0,-26.737581825182904,20.853567262734018,Allégé,12956420.0,0.057829421308198424,0.053364357366854506,0.01549612596267253,0.01532228502749213,0.018205215370891235,
222,HBM,Actions,0.05776199303189194,0.04729724060050668,619376.0,329.0822936078532,5.103161250904686,Renforcé,12941313.0,0.05776199303189194,0.010464752431385253,0.009389651827148925,0.007022636828222364,0.02218428770482772,0.04046277468372094
223,PRI,Actions,0.05773845763102055,-0.0023121035871701556,51645.0,-18.97044056734028,-3.0500049788140027,Allégé,12936040.0,0.05773845763102055,0.060050561218190704,0.05238914196313173,0.024063411385031788,0.03771702248257931,0.016072859482276963
224,MTZ,Actions,0.05764008474363092,0.04913921380856678,40138.0,274.2819843342036,48.01489646577855,Renforcé,12914000.0,0.05764008474363092,0.008500870935064145,,0.02109088590348395,,
225,CFR,Actions,0.056830766892767205,-0.014050152518094473,92885.0,-39.48544549553071,8.252390327011415,Allégé,12732676.0,0.056830766892767205,0.07088091941086168,0.06879077530519508,0.0337644350903492,,
226,SFM,Actions,0.056792993310826254,0.007089623974157272,164971.0,-3.567462033973602,-3.188155856646968,Allégé,12724213.0,0.056792993310826254,0.04970336933666898,0.05751837089555842,0.1268603319691409,0.04317778492886849,0.019581579395677676
227,SBLK,Actions,0.05652436034347453,0.014141497423549879,551329.0,-8.823918529617023,19.510924069162815,Allégé,12664027.0,0.05652436034347453,0.04238286291992465,0.005715361385320763,,,
228,EVRG,Actions,0.05648078436799427,0.027714100361344036,154471.0,41.95223260643821,13.008692437258018,Renforcé,12654264.0,0.05648078436799427,0.028766684006650237,,,,
229,J,Actions,0.05572539307000902,,98091.0,,,Nouveau,12485022.0,0.05572539307000902,,,,,
230,CSTM,Actions,0.05518088307014072,,502971.0,,,Nouveau,12363027.0,0.05518088307014072,,,,,
231,LPX,Actions,0.05492679179367444,,169156.0,,,Nouveau,12306099.0,0.05492679179367444,,,,0.004913898419050095,0.00750356934443186
232,TWLO,Actions,0.054779558289304135,-0.009933759132539237,97545.0,-21.812002532924005,-11.543870390691623,Allégé,12273112.0,0.054779558289304135,0.06471331742184337,0.05580535173541337,0.18879843892135742,0.07995950810003127,0.07080555971086588
233,INCY,Actions,0.05473647774896454,-0.06361846007928801,130296.0,-60.346936912261484,-4.707902648649598,Allégé,12263460.0,0.05473647774896454,0.11835493782825254,0.043616173743088855,0.10825036373565963,0.176342270090448,0.2127344445254858
234,ELF,Actions,0.05419246764761655,0.05317699860291956,200323.0,5370.316766794102,-20.29181440232074,Renforcé,12141577.0,0.05419246764761655,0.0010154690446969948,0.010953299778003444,0.001551002114371283,0.0011940891464867463,0.005672214046277889
235,SSRM,Actions,0.054094862461525964,0.006858124024822512,412235.0,-30.239032026060837,34.12408759124086,Allégé,12119709.0,0.054094862461525964,0.04723673843670345,0.05659546279466361,0.0013913358611327704,0.0011752157680524399,
236,MDB,Actions,0.054072264370380166,0.05321518133559949,49494.0,8738.214285714284,-41.678284232174754,Renforcé,12114646.0,0.054072264370380166,0.0008570830347806703,,,,
237,PINS,Actions,0.054070653090328095,-0.3536026030974533,660539.0,-84.70233024989427,-29.161839852601943,Allégé,12114285.0,0.054070653090328095,0.4076732561877814,0.5200049868947911,0.5917831908591545,0.5217701632844013,0.471264063940942
238,ALSN,Actions,0.05371284179765673,-0.004719164062153017,102803.0,-37.187704302027896,19.570991257204117,Allégé,12034119.0,0.05371284179765673,0.058432005859809746,0.09099445242011638,0.0734085162252345,0.06562668964755539,0.05018526417007113
239,ABT,Actions,0.0536392272771614,-0.0024199496017072164,117051.0,-4.599246906939214,-18.05411422767086,Allégé,12017626.0,0.0536392272771614,0.05605917687886862,0.06256086651532869,0.031210464785130208,0.044821490097343215,0.09942720875140865
240,KRYS,Actions,0.05346023236323281,0.044456028543183604,46367.0,362.97553669495755,4.778129704150302,Renforcé,11977523.0,0.05346023236323281,0.009004203820049201,0.006723686580406115,,,
241,DTM,Actions,0.05330046568881758,-0.06460271171144558,88674.0,-67.17540580058858,12.525069410350188,Allégé,11941728.0,0.05330046568881758,0.11790317740026315,0.13589206277263918,0.1134521744210109,0.11815372363542785,0.13414693376641096
242,GLBE,Actions,0.05290114496544188,0.042201482946315566,384190.0,414.7378011200729,-21.521243988219794,Renforcé,11852262.0,0.05290114496544188,0.010699662019126319,0.002651776725066214,,,
243,BMRN,Actions,0.0521697755767094,0.002331053156045801,206911.0,-10.023438757006623,-4.9469980383260115,Allégé,11688402.0,0.0521697755767094,0.049838722420663596,0.07970561094892395,0.05049751005989997,0.04055476576333165,0.0911556345451615
244,CRBG,Actions,0.051907226195814664,-0.018913725920262893,487409.0,-24.27939362492116,-20.914814355781854,Allégé,11629579.0,0.051907226195814664,0.07082095211607756,0.06130870401480949,,,
245,HUT,Actions,0.05143536216305859,,245659.0,,,Nouveau,11523860.0,0.05143536216305859,,,,,
246,WSC,Actions,0.05106104975583735,0.033453493796757605,658986.0,157.0007877884983,-7.806698383353517,Renforcé,11439997.0,0.05106104975583735,0.017607555959079743,0.05374765961647245,0.06768967794438727,0.05872055488792624,
247,NTAP,Actions,0.05095199153757609,-0.021104168696082927,111491.0,-39.573893814902334,-4.3888372825849125,Allégé,11415563.0,0.05095199153757609,0.07205616023365902,0.14765366171208624,0.13242746633466124,0.006898284770368858,0.007870277796838113
248,PVH,Actions,0.050844093798022696,-0.004460772990701974,163294.0,-27.836381875792704,4.08832548717013,Allégé,11391389.0,0.050844093798022696,0.05530486678872467,0.0710088384591769,0.050725074000102,0.046501805351664816,0.10721685314424255
249,AXS,Actions,0.05078794894546035,0.002456570339652013,112206.0,-9.334346062476769,-5.303952204898721,Allégé,11378810.0,0.05078794894546035,0.048331378605808335,0.03422168794693139,0.11044486715637708,0.09872590491356187,0.047822407877285214
250,HWC,Actions,0.05063660020505678,0.04986096751867087,178407.0,5241.526946107784,-0.141238902332963,Renforcé,11344901.0,0.05063660020505678,0.0007756326863859128,0.03160878667441033,,,
251,BKU,Actions,0.05010896178024894,0.006651216828116778,248598.0,-7.022025410194746,1.3237599490092844,Allégé,11226686.0,0.05010896178024894,0.043457744952132164,0.024957684058152654,,,
252,AEO,Actions,0.049068579228510746,0.017584728374499946,658299.0,101.0724081687508,-36.67046219672926,Renforcé,10993593.0,0.049068579228510746,0.0314838508540108,0.022028600472377927,,,0.020852384216754102
253,COLB,Actions,0.04896399778003405,0.03581206579543868,399933.0,209.94629280881637,-1.860457291806028,Renforcé,10970162.0,0.04896399778003405,0.013151931984595378,,,,
254,AGI,Actions,0.048277079189192364,0.008702548429344661,243445.0,-13.452548127344151,15.163296502227187,Allégé,10816261.0,0.048277079189192364,0.0395745307598477,0.00585627510750478,0.019946047728326796,0.05787476030039236,0.023701305839551417
255,ASB,Actions,0.0479759171109833,-0.031314277604737414,415653.0,-50.75475654791736,0.38820138755963907,Allégé,10748787.0,0.0479759171109833,0.07929019471572071,0.07684092021773782,0.0406921813413829,,
256,RIO,Actions,0.047567825846603955,0.044806339944663515,114239.0,1107.3451701543015,16.568761762896766,Renforcé,10657356.0,0.047567825846603955,0.0027614859019404405,0.0010532058943809796,0.14537612357366572,0.17584927035121833,0.13340053720806255
257,IESC,Actions,0.04712905777392021,0.01430689400267874,22161.0,-4.214211618257262,22.479564050207614,Allégé,10559052.0,0.04712905777392021,0.03282216377124147,0.027032690717626574,,,
258,JBL,Actions,0.04691448972421597,-0.06856227687424356,39570.0,-71.50613514603376,16.494167688718964,Allégé,10510979.0,0.04691448972421597,0.11547676659845953,0.24516325843210754,0.05770585006700389,,
259,TGTX,Actions,0.046174581890221396,-0.004903294440589727,311415.0,-33.72104159793979,11.43910757918758,Allégé,10345206.0,0.046174581890221396,0.05107787633081112,0.048418557425761684,,,
260,CPA,Actions,0.046141146713296,0.026963876430805115,90993.0,108.69475470746085,-5.803835053767736,Renforcé,10337715.0,0.046141146713296,0.019177270282490885,0.02964207423960496,0.011964566323448719,0.016585101925459398,0.004407887589894587
261,EIX,Actions,0.04597678275784577,0.01790146579171811,140761.0,9.73890807599654,21.92603091331693,Renforcé,10300890.0,0.04597678275784577,0.028075316966127663,,,,
262,ADT,Actions,0.04556305870835364,-0.007522438338776201,1553759.0,-13.863287484567548,-18.587357476181666,Allégé,10208197.0,0.04556305870835364,0.053085497047129844,0.04710836379323887,0.06541715651967481,0.023295005511475605,0.017729321857866277
263,WMS,Actions,0.044838531680617896,0.012676226957504526,73258.0,20.302159454799245,-5.316575331849638,Renforcé,10045870.0,0.044838531680617896,0.03216230472311337,,,,
264,SON,Actions,0.0447351821249234,0.002347512777455242,185297.0,-30.430228236098024,23.945925365270938,Allégé,10022715.0,0.0447351821249234,0.04238766934746816,0.029007966407093744,,,0.0017722660099975898
265,LFUS,Actions,0.04451398595644541,0.005717677081432705,29389.0,-30.130993985212655,34.1728584612236,Allégé,9973157.0,0.04451398595644541,0.0387963088750127,0.03591668353219128,,,
266,SHC,Actions,0.04450846921920341,,695392.0,,,Nouveau,9971921.0,0.04450846921920341,,,,,
267,AS,Actions,0.044186570279160765,0.014326307310093933,300723.0,37.17362745634682,-11.860780016434635,Renforcé,9899801.0,0.044186570279160765,0.029860262969066832,0.011350249330331666,,,
268,SJM,Actions,0.04396383870808467,-0.03913267100598273,102135.0,-56.15883862881279,-1.400676791233002,Allégé,9849899.0,0.04396383870808467,0.0830965097140674,0.0028720161137193276,0.00451712626346435,0.07468495092499601,0.03537906482261258
269,AMT,Actions,0.043840287896114064,-0.011402102628061732,56914.0,-34.036462257043844,-1.7030245324900495,Allégé,9822218.0,0.043840287896114064,0.055242390524175795,0.022352734938862813,0.0030908553422239918,0.003212385410041584,0.0016237862926679507
270,VTRS,Actions,0.0437709939271157,-0.02091875084856587,725884.0,-49.054229420339595,8.514055854304491,Allégé,9806693.0,0.0437709939271157,0.06468974477568157,0.058639702847498115,0.012298020483942216,0.024685103136844497,0.1309371539341999
271,CHTR,Actions,0.04335127555875949,0.01912871870569334,44991.0,41.39664980043371,3.4155719028344356,Renforcé,9712657.0,0.04335127555875949,0.02422255685306615,0.0762410849904581,0.7195168831965618,0.3668258643622618,0.09397350769966312
272,DKS,Actions,0.04323880285506933,,48855.0,,,Nouveau,9687458.0,0.04323880285506933,,0.00964433618297551,,,0.006558502935494353
273,AXSM,Actions,0.04296385866889869,0.011364070072503014,56951.0,20.03836101509148,-7.457291518983588,Renforcé,9625858.0,0.04296385866889869,0.03159978859639567,,0.04517724043848594,0.023172685791116584,
274,GM,Actions,0.04275798081936449,-0.0020593959994819194,128587.0,-14.914608243397936,-8.386618659501544,Allégé,9579732.0,0.04275798081936449,0.044817376818846406,,,,
275,SYM,Actions,0.042025879436370116,0.024112918403325037,176987.0,114.38677245472715,-10.588248193843452,Renforcé,9415708.0,0.042025879436370116,0.01791296103304508,0.016388949070062015,,,
276,JXN,Actions,0.04154235705597966,-0.0019170982258322478,88038.0,-21.213151724508243,-0.8720125905286258,Allégé,9307377.0,0.04154235705597966,0.04345945528181191,0.046478036171500134,,,
277,RDDT,Actions,0.04135260093372546,-0.6022924634822371,68807.0,-91.03860820821656,-41.42341041501704,Allégé,9264863.0,0.04135260093372546,0.6436450644159626,0.5560696627407373,,,
278,DY,Actions,0.04072878560431365,0.018573116584741582,26932.0,49.78865406006674,0.27226726506888177,Renforcé,9125100.0,0.04072878560431365,0.02215566901957207,0.023165770136393406,,,
279,ITW,Actions,0.04072479534291046,0.018716283964205802,35054.0,43.06003346528996,5.680067148346346,Renforcé,9124206.0,0.04072479534291046,0.022008511378704656,,0.002803436725086677,0.006722012612002821,0.0060067920105246215
280,ERO,Actions,0.040723871423323815,0.03155462990607501,342455.0,285.8213159080667,-5.947013939710244,Renforcé,9123999.0,0.040723871423323815,0.009169241517248804,0.011689825859889202,0.020054862312846183,0.04434930303649514,0.05055380196962003
281,HMY,Actions,0.04037099216516088,-0.048525828974268034,588480.0,-51.95971826294805,-22.763816313495155,Allégé,9044938.0,0.04037099216516088,0.08889682113942891,0.004200687729883363,0.03675991582268474,0.06114508345622736,0.026134800607091013
282,HL,Actions,0.039994648920200875,0.015250802543891516,480978.0,36.03165355310568,-2.9181906477284247,Renforcé,8960620.0,0.039994648920200875,0.02474384637630936,0.0021568198221508152,,,
283,INSP,Actions,0.03995096136022948,0.015826265268263546,173533.0,141.93539392418475,-44.074595217821745,Renforcé,8950832.0,0.03995096136022948,0.024124696091965932,0.025855223615044793,0.07414385063554896,0.053835091802313675,0.0026874989305712255
284,KGS,Actions,0.03994551603706181,0.0013154446427554034,153457.0,-45.819902201352235,55.93582469530476,Allégé,8949612.0,0.03994551603706181,0.03863007139430641,0.023863679308646947,,,
285,TOST,Actions,0.0399030603698726,-0.10604610676563439,337235.0,-70.07813304088899,-25.34497288976201,Allégé,8940100.0,0.0399030603698726,0.14594916713550699,0.055685748216962296,0.12399556830099041,0.14335947777390823,0.3957179688893359
286,FERG,Actions,0.03987936428733397,-0.001879571094770778,38304.0,-25.529308836395447,4.774738343546958,Allégé,8934791.0,0.03987936428733397,0.04175893538210475,0.01440768380311182,,,0.0031481413786127927
287,FLR,Actions,0.0398668266539094,,191468.0,,,Nouveau,8931982.0,0.0398668266539094,,0.0069760479673331354,,,
288,IBOC,Actions,0.03953566173772244,,131636.0,,,Nouveau,8857786.0,0.03953566173772244,,,,,
289,DAR,Actions,0.039419716524667976,0.034272885967029716,142794.0,264.23324150596875,71.80555750085982,Renforcé,8831809.0,0.039419716524667976,0.005146830557638263,,,,0.05752446277663099
290,RMD,Actions,0.03931309977507288,0.010392832539291443,39237.0,19.174462398250515,-6.804499223678551,Renforcé,8807922.0,0.03931309977507288,0.028920267235781436,0.03429388801402729,0.005467681780136102,0.12393074971522484,0.09150405869580118
291,DXCM,Actions,0.03915430165404075,0.003027135465295684,139687.0,-6.416148568978454,-5.378935008273533,Allégé,8772344.0,0.03915430165404075,0.03612716618874506,0.03176203211007804,0.08936519064349917,0.022588687417518558,0.03492098987933261
292,MKSI,Actions,0.03911413570060975,,38133.0,,,Nouveau,8763345.0,0.03911413570060975,,,,,
293,SNN,Actions,0.039073099388147854,0.0017050434322668645,275461.0,-11.79913611752388,-3.1392830064338018,Allégé,8754151.0,0.039073099388147854,0.03736805595588099,0.028999528506571552,0.009552215918977605,0.008642685072948348,0.01875280719795111
294,SYK,Actions,0.038733485294291714,-0.003562198219824786,26410.0,-19.967271735507136,-6.50980440129435,Allégé,8678062.0,0.038733485294291714,0.0422956835141165,0.017525080645108885,0.01893754139667228,0.026741549791467506,0.06580786584410124
295,DKNG,Actions,0.03819980345344371,,395860.0,,,Nouveau,8558493.0,0.03819980345344371,,0.12489703965273141,0.07020567991791331,0.0709245323403787,
296,MTB,Actions,0.03801030620720896,-0.07576261829466016,41196.0,-73.3955026284179,2.6007532346509654,Allégé,8516037.0,0.03801030620720896,0.11377292450186911,0.1244252262578407,0.06690823135220583,0.00698690335480192,
297,XYZ,Actions,0.03779369839300666,-0.2779413985154016,140703.0,-89.42204393028472,-7.5433966670321535,Allégé,8467507.0,0.03779369839300666,0.3157350969084083,0.03549592452797175,0.47593828145883166,0.5018644463097371,0.4792899141870137
298,AYI,Actions,0.03761815367154414,,30077.0,,,Nouveau,8428177.0,0.03761815367154414,,0.025337162377273362,0.010001341793904227,0.05674064098911747,0.003191711017451254
299,A,Actions,0.03748824700695816,0.030991309915491577,73689.0,462.8121897196975,-16.234316406609718,Renforcé,8399072.0,0.03748824700695816,0.006496937091466582,0.023981461274756893,,,
300,TNL,Actions,0.03739361889509121,-0.015433122411257355,121085.0,-41.045441045441045,-1.8999017629381498,Allégé,8377871.0,0.03739361889509121,0.05282674130634857,0.050582052355846494,0.024511702303551267,0.026988615676856422,0.015577445684035367
301,PAAS,Actions,0.03693189566089,,151463.0,,,Nouveau,8274424.0,0.03693189566089,,0.0009489425887641166,,,
302,FHI,Actions,0.036522179726319645,-0.017893275514594596,144289.0,-49.649297897881134,8.911076956156494,Allégé,8182629.0,0.036522179726319645,0.05441545524091424,0.05678155884954168,0.028490660843356164,0.02232080421427449,0.02118296879413055
303,INGR,Actions,0.036363189679962764,0.008373192272869964,72315.0,3.8844435505882693,2.17667270804085,Renforcé,8147008.0,0.036363189679962764,0.0279899974070928,0.014890833913003127,0.0030655969025064397,0.010075744223465147,0.01713708562113256
304,TJX,Actions,0.036064915408384426,0.010086076073237974,50596.0,9.099534241849232,3.9645883194523446,Renforcé,8080181.0,0.036064915408384426,0.025978839335146452,,,,0.0084391176464317
305,IQV,Actions,0.03586626377049649,0.024551214921673864,47119.0,242.31020704685798,-24.342320551562114,Renforcé,8035674.0,0.03586626377049649,0.011315048848822623,,,,
306,LNC,Actions,0.03570496169348316,-0.00396711620624416,225339.0,-7.761736546309675,-20.27846241825433,Allégé,7999535.0,0.03570496169348316,0.03967207789972732,0.0522565094487954,0.0689278134224296,0.07890891323122266,0.05538614394490734
307,ISRG,Actions,0.03558367381499289,0.01251340144072833,17294.0,54.82542524619517,-18.604772387794345,Renforcé,7972361.0,0.03558367381499289,0.02307027237426456,0.02123177904934193,0.025781146630058566,0.057146089222832444,0.10690207247563976
308,HPQ,Actions,0.03546895156796133,0.02939179283350037,413673.0,453.0683459008503,-13.779183936387629,Renforcé,7946658.0,0.03546895156796133,0.006077158734460961,0.005341108766894859,,0.025921559955863715,0.42446141393700737
309,TRV,Actions,0.03545666388379692,0.009358090530793062,27235.0,10.383820370445425,0.5585130079852174,Renforcé,7943905.0,0.03545666388379692,0.026098573353003855,0.09894234752790966,0.09756387365519788,0.23003446610717254,0.10210545091034828
310,CSL,Actions,0.03522848252617351,0.0020417523197843457,23658.0,-16.84650803135215,4.30188099741593,Allégé,7892782.0,0.03522848252617351,0.03318673020638917,0.04929694522051223,0.1223067822450171,0.11861009473091641,0.09220382753374685
311,AFG,Actions,0.03518209462151651,0.0037440543462625847,61721.0,-2.1435479523726477,-6.562777198504222,Allégé,7882389.0,0.03518209462151651,0.031438040275253924,0.04156052254623339,0.01735560152557254,0.014411698781910523,0.00380070480758438
312,NOC,Actions,0.03500338090050559,0.02165351745813211,11495.0,79.04984423676012,19.647157130202352,Renforcé,7842349.0,0.03500338090050559,0.013349863442373478,,,,
313,QSR,Actions,0.034619079449637435,0.01466978312479746,104956.0,30.911903009741433,8.305860930415164,Renforcé,7756248.0,0.034619079449637435,0.019949296324839976,0.02862164453541395,0.00347399545935128,0.007163709052627138,0.018071859086873986
314,CNO,Actions,0.03459794088363575,-0.006834511161073101,188785.0,-29.430653005229573,-3.3199919139224376,Allégé,7751512.0,0.03459794088363575,0.04143245204470885,0.03910290763146549,0.04199529417576667,0.05259503011233982,0.033641084170842286
315,WY,Actions,0.03456710339366411,,317012.0,,,Nouveau,7744603.0,0.03456710339366411,,,,0.028036932564148007,0.00735620374077556
316,VIK,Actions,0.03449743450077551,-0.013683770594985989,105185.0,-43.148467438127305,2.898756104977296,Allégé,7728994.0,0.03449743450077551,0.0481812050957615,0.004255898393745854,,,
317,FIGS,Actions,0.0342463917126072,,519482.0,,,Nouveau,7672749.0,0.0342463917126072,,,,,
318,TOWN,Actions,0.03418870253068747,0.015204455169196562,227497.0,45.829540646914786,0.899006180186035,Renforcé,7659824.0,0.03418870253068747,0.018984247361490906,0.012060517637286937,,,
319,AGX,Actions,0.03400697602841576,,13989.0,,,Nouveau,7619109.0,0.03400697602841576,,,,,
320,CW,Actions,0.033973085586766504,-0.0601092144556012,11175.0,-76.12128464283425,23.554699670160172,Allégé,7611516.0,0.033973085586766504,0.0940823000423677,0.07697985961222305,0.04525130550876599,0.03138672526255952,
321,V,Actions,0.0339573253932378,-0.6521979977998611,25172.0,-95.30808187184644,-13.82053871640222,Allégé,7607985.0,0.0339573253932378,0.6861553231930989,0.9039489806445573,0.9227425379105594,1.1318253514109304,0.8867874619625281
322,CE,Actions,0.0338667321765705,-0.006730473622531083,115367.0,-56.18453334953779,55.55818579556888,Allégé,7587688.0,0.0338667321765705,0.04059720579910158,0.025674760661815246,,,
323,URI,Actions,0.03367930593849132,,10357.0,,,Nouveau,7545696.0,0.03367930593849132,,,,,
324,PEGA,Actions,0.03356675735734718,0.0015905613013472222,176703.0,20.34939553890686,-28.734089398947894,Renforcé,7520480.0,0.03356675735734718,0.03197619605599996,0.04921438776763142,0.03592988041465571,,
325,NFLX,Actions,0.03330706900280529,0.02714327422953465,77611.0,330.5264325733622,2.5490371205399986,Renforcé,7462298.0,0.03330706900280529,0.006163794773270643,0.12263630124884764,0.014151990765931677,0.13199128292505127,
326,PODD,Actions,0.033095540514639726,-0.026344648166625788,35336.0,-38.37890625,-26.175067709161503,Allégé,7414906.0,0.033095540514639726,0.059440188681265514,0.025510942387935193,0.002916006596635293,0.003775733486832555,0.009252512324568222
327,UAL,Actions,0.03297491767971665,,80242.0,,,Nouveau,7387881.0,0.03297491767971665,,,0.09195424928584735,0.4905612458459555,
328,BTE,Actions,0.03269360871417134,,1638670.0,,,Nouveau,7324855.0,0.03269360871417134,,,,,
329,LKQ,Actions,0.032597753172901846,0.009890497361473915,248668.0,20.60606648495019,-2.7483402540177004,Renforcé,7303379.0,0.032597753172901846,0.02270725581142793,0.02701391110058693,,0.008374713719706677,0.01713484363929609
330,BCC,Actions,0.03215217844625852,,94971.0,,,Nouveau,7203550.0,0.03215217844625852,,0.0013414851596218332,,0.001692466035570238,
331,CL,Actions,0.03214763472577927,0.013963442391538381,84507.0,33.91914805952174,7.858777069795053,Renforcé,7202532.0,0.03214763472577927,0.01818419233424089,0.03779097862757251,0.016847786685795965,0.026370902248911764,0.06261856644719392
332,ENTG,Actions,0.032082179263276146,,61309.0,,,Nouveau,7187867.0,0.032082179263276146,,,,,
333,SANM,Actions,0.032045825036062514,-0.042115149318232084,55382.0,-59.13099305591428,-13.613653717127615,Allégé,7179722.0,0.032045825036062514,0.0741609743542946,0.03312159960433796,0.032028726097736764,0.019201421691178364,0.026244868619255058
334,AR,Actions,0.031966367951611056,-0.004445606419774803,168754.0,-41.75855654376719,23.157282260496004,Allégé,7161920.0,0.031966367951611056,0.03641197437138586,0.11398949021836711,0.1019358022095417,,
335,TMO,Actions,0.03178281146368463,0.028220099925054525,14487.0,759.2526690391459,-15.173036246556626,Renforcé,7120795.0,0.03178281146368463,0.00356271153863011,,,,
336,ASO,Actions,0.03167109307115458,0.004445222827761979,125700.0,-15.883159902298658,12.990386260069787,Allégé,7095765.0,0.03167109307115458,0.0272258702433926,0.05214505786673554,0.01791643408039981,0.007735695829183271,0.004661786301837795
337,NSIT,Actions,0.03155380884420644,0.008973806666413387,105499.0,38.812647202010496,-17.74885825297108,Renforcé,7069488.0,0.03155380884420644,0.02258000217779305,,,,
338,CDNS,Actions,0.03154672546070882,-0.016039696990197673,25436.0,-39.06961145978058,-11.104363489284363,Allégé,7067901.0,0.03154672546070882,0.047586422450906496,,,,
339,MDA,Actions,0.0315108711320155,,279580.0,,,Nouveau,7059868.0,0.0315108711320155,,,,,
340,HRMY,Actions,0.03144309471209665,0.00025968569389737267,251506.0,10.061527958899674,-25.146981912453235,Renforcé,7044683.0,0.03144309471209665,0.031183409018199278,0.02283661366969058,,,
341,ETN,Actions,0.031195582457228036,0.02806990938301131,19541.0,626.1612783351914,12.294793582630724,Renforcé,6989229.0,0.031195582457228036,0.0031256730742167263,0.010658227885322717,,,0.06259119959733317
342,ITT,Actions,0.030578109590292658,0.007080342318292535,35957.0,-3.174816889271866,9.80923566636216,Allégé,6850887.0,0.030578109590292658,0.023497767272000123,0.020016219957587535,,,
343,AG,Actions,0.03056213515454096,0.02723045305273667,318776.0,481.3049345344469,28.9315748808461,Renforcé,6847308.0,0.03056213515454096,0.00333168210180429,,,,
344,LMT,Actions,0.030488525097425275,-0.04873555753564271,11302.0,-74.83747439665153,24.95916878776918,Allégé,6830816.0,0.030488525097425275,0.07922408263306799,0.08845797016495231,,,
345,AEP,Actions,0.030346469113443894,,51869.0,,,Nouveau,6798989.0,0.030346469113443894,,,,,
346,AFL,Actions,0.03017636971514904,0.010892318700562929,61625.0,28.505890939422372,-0.5078435252129365,Renforcé,6760879.0,0.03017636971514904,0.01928405101458611,,,,
347,IE,Actions,0.029903755413153415,0.0109985223654601,566819.0,74.7214199184373,-26.032539748642748,Renforcé,6699801.0,0.029903755413153415,0.018905233047693315,0.01254150538827005,,,
348,CNA,Actions,0.02987104776711026,-0.018459462910203884,145742.0,-47.50079248436644,-3.8123121220601908,Allégé,6692473.0,0.02987104776711026,0.04833051067731414,0.03793177091293378,0.006768999659924796,0.010484750933399168,0.010991941782596847
349,ABBV,Actions,0.02947361951670431,0.01763400270885577,30362.0,113.68146949116758,-4.814208521086682,Renforcé,6603431.0,0.02947361951670431,0.01183961680784854,0.23644897553598437,0.44795193831899605,0.10201990330296379,0.2333068881962861
350,AXP,Actions,0.02940075930736909,-0.013885701050460258,21777.0,-32.12716222533894,-18.237600901193353,Allégé,6587107.0,0.02940075930736909,0.04328646035782935,0.048238497956168996,,0.034687627188615885,0.005177584253954568
351,PWR,Actions,0.029204874964861443,0.007456672846007522,11918.0,-15.654635527246993,30.081019613693716,Allégé,6543220.0,0.029204874964861443,0.02174820211885392,,,,0.040278840476531484
352,MIR,Actions,0.029189087991054862,-0.012654233379939737,351785.0,-28.196592152316256,-20.623402285385474,Allégé,6539683.0,0.029189087991054862,0.0418433213709946,,,,0.01950168873412236
353,STNG,Actions,0.029149145206606147,-0.00721978647563248,87473.0,-55.416866290863496,46.88175368266108,Allégé,6530734.0,0.029149145206606147,0.03636893168223863,0.04480851098048133,,,
354,AON,Actions,0.02912930548408133,0.011926452182868457,20219.0,51.249251944943154,-8.529812413693161,Renforcé,6526289.0,0.02912930548408133,0.01720285330121287,0.007968954603247013,,0.005510265629153987,0.01496344984444704
355,WTW,Actions,0.028926565390438,-0.02476916926355702,22294.0,-50.246602245084695,-11.533774537977104,Allégé,6480866.0,0.028926565390438,0.05369573465399502,0.04994121457296521,0.04001161926465591,0.21322636324567004,0.27390724445658965
356,MTD,Actions,0.02892290541912859,0.026492621759926466,5138.0,974.8953974895396,-9.53889088267912,Renforcé,6480046.0,0.02892290541912859,0.002430283659202125,,,,
357,TTEK,Actions,0.02876212109415416,0.020897317755553573,213945.0,232.72421890794854,-10.19680469299149,Renforcé,6444023.0,0.02876212109415416,0.007864803338600585,,,,
358,IDR,Actions,0.02865110345222847,0.011088716242430907,199849.0,67.23625743717626,-20.29776029446738,Renforcé,6419150.0,0.02865110345222847,0.017562387209797563,,,,
359,NVR,Actions,0.028442288698887437,0.02477218377275443,967.0,600.7246376811594,-9.638832627849503,Renforcé,6372366.0,0.028442288698887437,0.0036701049261330075,0.005382107405179578,0.0043792535825340345,0.051490756534464124,0.05688577762786187
360,SNCY,Actions,0.02833843924467263,-0.009112558583780121,384328.0,-46.147432906383514,14.801955204837626,Allégé,6349099.0,0.02833843924467263,0.03745099782845275,0.03985495020544429,0.04241802816773706,0.0076344625161457675,0.002785307107498605
361,ORLY,Actions,0.028162430331726964,-5.745507681902476e-05,68353.0,-19.434000070720526,1.2059961153995102,Allégé,6309665.0,0.028162430331726964,0.02821988540854599,0.01373319626838019,,,0.029205907673195777
362,DOCU,Actions,0.028096997186122068,-0.13575127330058984,132778.0,-79.78622830427375,-30.687134899784986,Allégé,6295005.0,0.028096997186122068,0.1638482704867119,0.11384704874260665,0.05158041625111856,0.02362749338401606,
363,BRBR,Actions,0.028086218124277876,0.007605829789671968,391087.0,86.14060722597964,-39.805458364997456,Renforcé,6292590.0,0.028086218124277876,0.020480388334605908,0.0017064537370832058,0.0017071712313537883,0.003369222813672786,0.008016185424576215
364,KTB,Actions,0.027876564255563473,0.016836233008946978,88855.0,79.29858546723975,15.05975377477531,Renforcé,6245618.0,0.027876564255563473,0.011040331246616495,0.01904373429447876,,0.004810159790291223,0.018642046876467415
365,BE,Actions,0.027626490020778265,0.00733845725038898,45683.0,-28.650413106970497,55.93279773773789,Allégé,6189590.0,0.027626490020778265,0.020288032770389285,0.018460332211437967,0.018126036373833674,,
366,COKE,Actions,0.027612658007256465,0.015953150948987894,32265.0,54.70368239355581,25.07500646217573,Renforcé,6186491.0,0.027612658007256465,0.011659507058268568,0.012066789261584073,0.0013213326319251515,0.002417629671120242,0.0339562637196491
367,LBRT,Actions,0.027537110843374575,0.01983290345026798,214221.0,87.18576059697841,56.012989894327035,Renforcé,6169565.0,0.027537110843374575,0.007704207393106593,0.012970408494247083,0.01719422098985559,0.04071173307222248,0.06633152219472051
368,ST,Actions,0.027505951990068455,-0.014927316424170608,174974.0,-49.940348638604306,5.7975318999514025,Allégé,6162584.0,0.027505951990068455,0.04243326841423906,0.038087695793335555,0.01343609833572559,0.001831664160733586,0.0042668307122239475
369,LHX,Actions,0.027446178409854215,0.021221832860458808,17816.0,206.4327485380117,17.569906156589177,Renforcé,6149192.0,0.027446178409854215,0.006224345549395406,,,,
370,BCRX,Actions,0.027111790933563105,0.02041101098898608,638054.0,170.8530725213523,22.05125387429461,Renforcé,6074274.0,0.027111790933563105,0.006700779944577026,0.012234987095716599,,,
371,POR,Actions,0.027100373608429592,0.01674935263060992,115060.0,94.53555608156088,9.960386975945767,Renforcé,6071716.0,0.027100373608429592,0.01035102097781967,0.005023488798352596,,,
372,SNA,Actions,0.027017109261140416,0.011470806893859212,16665.0,34.71020936060141,5.40335110778114,Renforcé,6053061.0,0.027017109261140416,0.015546302367281203,0.0046696884912667,0.0019254417437197854,0.07350712777280392,0.00905080273173458
373,VOYA,Actions,0.026982754628008025,-0.016228954476568774,88486.0,-44.37396666939078,-8.282985503461315,Allégé,6045364.0,0.026982754628008025,0.0432117091045768,0.042552853336568455,0.039603749110175,0.06268300862757764,0.04894045533470597
374,DT,Actions,0.026888907607579067,-0.17482273614508187,162908.0,-87.23539625527327,-14.674662676303896,Allégé,6024338.0,0.026888907607579067,0.20171164375266093,0.23839701803862223,0.12021319157499494,0.13106258094503434,0.06774780825435141
375,SNDK,Actions,0.02681781489658351,,9457.0,,,Nouveau,6008410.0,0.02681781489658351,,,,,
376,RRC,Actions,0.02679436876330503,0.020139337402592442,132872.0,156.72772238967462,28.13383269379972,Renforcé,6003157.0,0.02679436876330503,0.006655031360712587,0.03460570643629594,,,
377,ZTS,Actions,0.02677071285118321,-0.056993769948405534,50739.0,-72.20679342020937,-6.048324423010786,Allégé,5997857.0,0.02677071285118321,0.08376448279958874,0.07198704732222203,0.04027434011328626,0.11002603404584807,0.07349944989436154
378,ARWR,Actions,0.026740598428714162,0.012222331835503955,95552.0,59.34362805589834,-5.558078447064219,Renforcé,5991110.0,0.026740598428714162,0.014518266593210207,,,,
379,VRTX,Actions,0.02662153777666705,-0.018824219271980004,13357.0,-51.40788707799767,-1.5043221712445543,Allégé,5964435.0,0.02662153777666705,0.045445757048647055,0.05879583534569361,0.06175623166526915,,0.0013108808195071294
380,NTCT,Actions,0.0265778546800753,0.009095280424160326,187312.0,5.729219584335241,17.47965846524282,Renforcé,5954648.0,0.0265778546800753,0.017482574255914974,0.011598857927704246,,,
381,SMTC,Actions,0.02640326512185694,,76935.0,,,Nouveau,5915532.0,0.02640326512185694,,,,,
382,ALB,Actions,0.02638395207813031,,32926.0,,,Nouveau,5911205.0,0.02638395207813031,,,,,
383,SBUX,Actions,0.02628732883556177,0.0011726071321090624,65739.0,-19.616786089848624,6.388793147874772,Allégé,5889557.0,0.02628732883556177,0.02511472170345271,0.022401654391843853,0.023825481077842513,0.03865818608857328,0.0836969919492278
384,OMF,Actions,0.026202868302527563,-0.014816683171478447,109752.0,-34.08961247199986,-20.814215705552208,Allégé,5870634.0,0.026202868302527563,0.04101955147400601,0.038373511066269794,0.01097179912174915,0.012991625517882813,0.012359779944342238
385,ADNT,Actions,0.02616835298772793,-0.003841908446983549,290099.0,-32.42196235557212,5.425142105096281,Allégé,5862901.0,0.02616835298772793,0.03001026143471148,0.04079190972192549,,,
386,WSFS,Actions,0.026102428870362016,,89339.0,,,Nouveau,5848131.0,0.026102428870362016,,,,,
387,AGO,Actions,0.025983573533778604,-0.014047516788085215,71447.0,-41.50640632035695,-9.335699041045032,Allégé,5821502.0,0.025983573533778604,0.04003109032186382,0.04775815264515136,0.042388312593575575,0.03264382773891223,0.040484786452221776
388,POST,Actions,0.025968429286640993,0.003128307480432916,58852.0,-6.9268724696356285,-0.19182388296724584,Allégé,5818109.0,0.025968429286640993,0.022840121806208077,0.011580940120374387,0.0012357919530541646,0.0020071568875418655,0.004431238128735405
389,WST,Actions,0.02591024466958059,0.021823523125956548,23161.0,468.64718880432116,-8.904540423973572,Renforcé,5805073.0,0.02591024466958059,0.004086721543624043,,,,
390,IDXX,Actions,0.02586677135183218,0.010674113378353603,10314.0,67.4894446248782,-16.94530614555324,Renforcé,5795333.0,0.02586677135183218,0.015192657973478579,0.018530248482802925,0.005678885415085115,0.00669062193390879,0.01679648777518585
391,TTMI,Actions,0.025751491182344925,0.021558893302703646,59223.0,255.43752250630178,41.188414117409835,Renforcé,5769505.0,0.025751491182344925,0.00419259787964128,,,,
392,EG,Actions,0.0256466821015063,-0.06355800932055214,17580.0,-75.61144791421,-3.6835124007383646,Allégé,5746023.0,0.0256466821015063,0.08920469142205845,0.15552834216771622,0.1601009186365329,0.15806770386881044,0.07344900759545585
393,AEE,Actions,0.025543363789469323,-0.019500604361255676,52064.0,-57.90801270908958,10.074108370345304,Allégé,5722875.0,0.025543363789469323,0.045043968150725,0.015414728035583079,,,
394,BCS,Actions,0.025043728608558156,,265167.0,,,Nouveau,5610934.0,0.025043728608558156,,,,,
395,LYFT,Actions,0.02503157482578311,,421670.0,,,Nouveau,5608211.0,0.02503157482578311,,,0.15757874524608448,,0.1080757522594486
396,G,Actions,0.025028249607947122,-0.0517666142193654,150536.0,-66.55929695795699,-20.371952918910086,Allégé,5607466.0,0.025028249607947122,0.07679486382731253,0.07310314182151634,0.09331676503331325,0.16405954221382055,0.051710783802818565
397,MOD,Actions,0.024806325908586883,,25646.0,,,Nouveau,5557745.0,0.024806325908586883,,,,,
398,CCK,Actions,0.024792967013307524,-0.00213874840571893,55409.0,-22.74368734401361,-2.641545585410321,Allégé,5554752.0,0.024792967013307524,0.026931715419026454,0.025104332732223622,0.00487656894633092,0.007543598426510591,
399,PII,Actions,0.02476327661190481,0.004263593278715661,101800.0,14.542897327707454,-13.833995926952703,Renforcé,5548100.0,0.02476327661190481,0.020499683333189148,0.0018720348035514648,,,
400,RPM,Actions,0.024662614010756975,-0.008480409796459986,55589.0,-36.38829129857646,-4.4230700041651865,Allégé,5525547.0,0.024662614010756975,0.03314302380721696,0.0075929391922329075,,,
401,CNC,Actions,0.02457135128714284,0.010385490366936014,168146.0,77.87204332924301,-20.43742872705333,Renforcé,5505100.0,0.02457135128714284,0.014185860920206825,0.09452062911136692,0.32352760175171114,0.3409766059623273,0.3394173301814739
402,USFD,Actions,0.024018709009560203,-0.04203540477196992,58359.0,-75.73248725476334,22.42431563862923,Allégé,5381283.0,0.024018709009560203,0.06605411378153012,0.07303843949889559,0.027093593228336675,0.01267825691587524,0.018788908148831256
403,ESE,Actions,0.023953039304834087,0.0208463658417719,19073.0,337.45412844036696,44.00436644137176,Renforcé,5366570.0,0.023953039304834087,0.003106673463062185,,0.0018674868951311903,,
404,TTC,Actions,0.02390827607036809,-0.005417933721129073,57326.0,-43.88386389443596,18.699181964950306,Allégé,5356541.0,0.02390827607036809,0.029326209791497162,0.00596431862389412,,,
405,VICR,Actions,0.023862687110667653,0.01623110855743704,33207.0,73.91327118466535,46.89783829709151,Renforcé,5346327.0,0.023862687110667653,0.007631578553230614,0.0012180857611308205,,,
406,OLN,Actions,0.02369517647256726,0.010211469704168065,178567.0,0.5977262740414409,42.72683794142564,Renforcé,5308797.0,0.02369517647256726,0.013483706768399197,0.017945882739813915,,,
407,HWM,Actions,0.02367084659011895,-0.025060781981575513,23012.0,-64.69414995627426,12.408552148720965,Allégé,5303346.0,0.02367084659011895,0.04873162857169446,0.0266199112878563,,,
408,ESI,Actions,0.023649645536802218,0.0047498607461271165,155202.0,-25.163461723918452,36.61464180226805,Allégé,5298596.0,0.023649645536802218,0.0188997847906751,,,,
409,KTOS,Actions,0.023561609836671864,-0.005371628918663638,74867.0,-28.369276105551194,-7.113685803702952,Allégé,5278872.0,0.023561609836671864,0.028933238755335502,0.022413637464126765,,,
410,BCO,Actions,0.02340961390621967,0.006125054983525516,50611.0,24.645355137424886,-11.222479539141506,Renforcé,5244818.0,0.02340961390621967,0.017284558922694156,0.012087617635342898,0.006541238073037017,,0.00744633232756778
411,MP,Actions,0.02327512335073763,0.011768222190354687,108054.0,73.00265778603222,-4.47347174002709,Renforcé,5214686.0,0.02327512335073763,0.011506901160382945,0.016055178004094957,,,
412,AMGN,Actions,0.02320168290204848,0.019596949766617258,14774.0,389.20529801324506,7.497503271836226,Renforcé,5198232.0,0.02320168290204848,0.0036047331354312198,0.012486247716605206,0.008373467219594092,,0.0016909127876941433
413,GLNG,Actions,0.023188676613761124,0.02222591416791568,96014.0,1253.262861169838,45.41788374914029,Renforcé,5195318.0,0.023188676613761124,0.0009627624458454421,,,,
414,BBY,Actions,0.023152585725946577,0.021332743892078843,80798.0,983.6641630901287,-4.078865616935923,Renforcé,5187232.0,0.023152585725946577,0.0018198418338677333,0.0042772281840631,,,0.016420403345569805
415,GAP,Actions,0.022938347966336113,,212365.0,,,Nouveau,5139233.0,0.022938347966336113,,0.01202758475442246,,,0.06341643689118259
416,GEHC,Actions,0.02281459630228145,0.01848292564509898,71811.0,395.86383096257424,-13.216314672721053,Renforcé,5111507.0,0.02281459630228145,0.00433167065718247,0.0044652241376195645,0.00450125805812279,0.047578608606603075,0.011476952601724011
417,FULT,Actions,0.022747489389309445,0.011485431586491937,250564.0,56.833829899101175,5.2250478437286585,Renforcé,5096472.0,0.022747489389309445,0.011262057802817508,0.022572374978035936,0.010178905156217602,,
418,FHB,Actions,0.022626808530450977,,205740.0,,,Nouveau,5069434.0,0.022626808530450977,,,,,
419,AWI,Actions,0.02262377343229195,0.010323567394418502,30757.0,74.26062322946176,-13.762421242716094,Renforcé,5068754.0,0.02262377343229195,0.012300206037873447,0.023552518995611234,0.010892361288501393,0.023719470947305178,
420,NTRA,Actions,0.022527337651668526,,25237.0,,,Nouveau,5047148.0,0.022527337651668526,,,,,
421,NFG,Actions,0.022256031119909068,-0.011626449530574224,53069.0,-54.27136111398339,17.36197438312661,Allégé,4986363.0,0.022256031119909068,0.03388248065048329,0.029130496161241245,0.07543589122192494,0.0055628030277257885,0.0014847925884664583
422,SHOO,Actions,0.022200069265912194,0.01683410864403876,146634.0,314.95882502759144,-18.539887815250477,Renforcé,4973825.0,0.022200069265912194,0.005365960621873435,0.01057765259477443,0.003618031489992298,,
423,LYV,Actions,0.02201688323849636,-0.0019427022211023909,32344.0,-29.848609725415347,7.024551857010808,Allégé,4932783.0,0.02201688323849636,0.02395958545959875,,,,
424,XPO,Actions,0.021874617475671633,0.005415210571391705,25191.0,-24.14405733385528,43.146204256527135,Allégé,4900909.0,0.021874617475671633,0.016459406904279928,,,,
425,PRVA,Actions,0.021846413379690916,0.003687628011076454,237948.0,13.301018027369604,-13.243364659616951,Renforcé,4894590.0,0.021846413379690916,0.018158785368614462,0.004879304116588249,,,0.0011041049895992487
426,FORM,Actions,0.0217408321341736,0.016456281746352754,50221.0,93.31383040147811,73.87948861208152,Renforcé,4870935.0,0.0217408321341736,0.005284550387820847,,,,
427,PIPR,Actions,0.021670185761142612,,63424.0,,,Nouveau,4855107.0,0.021670185761142612,,,,,
428,IBKR,Actions,0.02165472461405016,-0.09301296487692974,72337.0,-85.20534216877327,4.2917221600406785,Allégé,4851643.0,0.02165472461405016,0.1146676894909799,0.1570859887891371,,0.035573066077703636,
429,BSX,Actions,0.02156369398617759,-0.011033169405651449,76992.0,-17.870819777054773,-34.189828793950184,Allégé,4831248.0,0.02156369398617759,0.03259686339182904,0.06108797887886541,0.020919022026210647,0.029932398765252437,0.06671564383120636
430,DHR,Actions,0.02145176135142455,-0.0050269318612134045,25349.0,-20.08008071126805,-17.176318045265916,Allégé,4806170.0,0.02145176135142455,0.026478693212637953,,,,0.0013197708047441889
431,HEI,Actions,0.02144690073099046,-0.0026262119637046506,17524.0,-14.098039215686276,-15.263138102871087,Allégé,4805081.0,0.02144690073099046,0.02407311269469511,0.01363478935147302,,,
432,HCC,Actions,0.021421816537382038,0.016789787919830757,51524.0,257.65653200055533,5.648190121466756,Renforcé,4799461.0,0.021421816537382038,0.004632028617551282,0.009631130907831444,0.012584539606979082,0.027837630059039616,0.007958792523494466
433,APG,Actions,0.021414273425780925,0.0013565808548838335,118405.0,-17.635315149870962,5.906957794461554,Allégé,4797771.0,0.021414273425780925,0.020057692570897092,0.015956375438184657,,,
434,AAL,Actions,0.02140819430270358,,446593.0,,,Nouveau,4796409.0,0.02140819430270358,,,,,
435,RF,Actions,0.021376397186108134,-0.05933573790999025,183357.0,-77.54903881474226,-3.6162329423814588,Allégé,4789285.0,0.021376397186108134,0.08071213509609838,0.14967540069686155,0.06478567535870686,0.004570484586280338,
436,CRUS,Actions,0.020791359699057536,0.004747267519527344,32210.0,-13.243730977455758,22.042202722804305,Allégé,4658210.0,0.020791359699057536,0.016044092179530192,0.029655647742534114,,,0.03185172591486029
437,T,Actions,0.020749908292288594,,160363.0,,,Nouveau,4648923.0,0.020749908292288594,,0.0041790798100688675,0.5765565547267474,0.3648285477981366,0.6762923033935162
438,SITM,Actions,0.020739914785262034,,13455.0,,,Nouveau,4646684.0,0.020739914785262034,,,,,
439,PEG,Actions,0.020702734832813957,-0.01518767286169189,57299.0,-53.24896786932328,0.8094593241745329,Allégé,4638354.0,0.020702734832813957,0.03589040769450585,0.024440997798600015,,,
440,MOGA,Actions,0.020602116865462584,0.007804503924969942,15773.0,9.466305781109028,20.156031033617715,Renforcé,4615811.0,0.020602116865462584,0.012797612940492642,0.008894910376660974,,,
441,WMB,Actions,0.020570145677060954,0.004983677912993548,63323.0,-10.943125562556254,21.07803766424197,Allégé,4608648.0,0.020570145677060954,0.015586467764067406,0.030410021120046205,,,
442,BWXT,Actions,0.020479534606875075,0.011661556150207414,22438.0,60.38598999285204,18.311723621872034,Renforcé,4588347.0,0.020479534606875075,0.008817978456667661,,,,
443,W,Actions,0.02041369083034278,-0.010881845067735325,60811.0,-28.848561433067733,-25.097102856989252,Allégé,4573595.0,0.02041369083034278,0.031295535898078104,0.02478127161055911,,,
444,CACC,Actions,0.020367316315824713,0.002610553237668567,10776.0,-1.8579234972677594,-4.509992712193089,Allégé,4563205.0,0.020367316315824713,0.017756763078156147,0.020797011720021477,0.001744558723806996,0.008650484027999495,0.017981102378381162
445,M,Actions,0.02034130820262964,-0.03759161689246496,251928.0,-65.03234044915747,-17.959175032624596,Allégé,4557378.0,0.02034130820262964,0.057932925095094595,0.002747128134820499,,,
446,EHC,Actions,0.02003933825270473,0.006340264874717479,46415.0,31.145456600361666,-8.865651038967693,Renforcé,4489723.0,0.02003933825270473,0.01369907337798725,0.028758989581936074,0.001614015104672719,0.0019890258248768528,0.004563501302597544
447,COR,Actions,0.019948048748812713,-0.011073363968675039,14227.0,-43.51226872071786,-6.9903783866744345,Allégé,4469270.0,0.019948048748812713,0.03102141271748775,0.06161306778308848,0.13655717685881677,0.01764078629676123,0.2034857009311212
448,URBN,Actions,0.01991755047569414,0.01856256457915473,70441.0,1326.7976503949767,-15.825232205506568,Renforcé,4462437.0,0.01991755047569414,0.0013549858965394089,0.029309670317222973,,,
449,RMBS,Actions,0.019911136599143373,-0.03179354820860705,51854.0,-66.39316638150049,-6.377179238139085,Allégé,4461000.0,0.019911136599143373,0.05170468480775042,0.07147880679782531,0.05858470824001876,0.018755257437517606,0.0017316214926553863
450,TRU,Actions,0.019721634889528977,-0.003623384261008746,63861.0,-14.457363302703138,-19.311952167860536,Allégé,4418543.0,0.019721634889528977,0.023345019150537723,0.01345688832347166,,0.0881194837861018,0.0891728239750524
451,TXNM,Actions,0.01954855395363084,,74919.0,,,Nouveau,4379765.0,0.01954855395363084,,,0.03899146387935969,0.14515609071191043,0.07404538393361766
452,VIRT,Actions,0.019383783830632863,-0.003180376828761853,98746.0,-46.82441383321307,31.992802367030905,Allégé,4342849.0,0.019383783830632863,0.022564160659394716,0.0400245034312113,0.03761034110819257,0.027081892292741806,0.01892681983316893
453,HRI,Actions,0.01935676699363788,,43564.0,,,Nouveau,4336796.0,0.01935676699363788,,,,,0.0065589522488276345
454,UFPI,Actions,0.019318248027296116,,46984.0,,,Nouveau,4328166.0,0.019318248027296116,,,,,
455,RJF,Actions,0.019267378889474905,-0.017990001596362097,29814.0,-53.136641569342494,-9.838719120955863,Allégé,4316769.0,0.019267378889474905,0.037257380485837,0.021907927526423336,,0.07614597682212096,
456,ECL,Actions,0.019257599624671336,-0.002200375228590609,16219.0,-27.63897564022486,1.3332276510096053,Allégé,4314578.0,0.019257599624671336,0.021457974853261945,0.05014679536191821,,,
457,MDLZ,Actions,0.018989810236072633,-0.0013034155182483353,73813.0,-28.597546819377804,7.077831122734213,Allégé,4254581.0,0.018989810236072633,0.02029322575432097,0.03051789227449359,0.019933547583854634,0.030121146468016176,0.06626120465806203
458,ADMA,Actions,0.018985846754947317,0.006582379106814369,472108.0,153.1803872988293,-50.60307052352586,Renforcé,4253693.0,0.018985846754947317,0.012403467648132948,0.003461866100316079,,,
459,MLI,Actions,0.018933558262398793,-0.019456450674577033,38285.0,-58.24972737186478,-3.484320557491294,Allégé,4241978.0,0.018933558262398793,0.03839000893697583,0.02923861802396784,,,
460,TDC,Actions,0.018911785896487423,-0.0049136061482812285,165318.0,-22.974994059516654,-15.80158672193257,Allégé,4237100.0,0.018911785896487423,0.02382539204476865,0.008627533914199334,0.005196639602675131,,0.03470078508255555
461,CBOE,Actions,0.01862463436698599,0.0022904571454406032,14846.0,-16.80582796301485,11.980073777367961,Allégé,4172765.0,0.01862463436698599,0.016334177221545388,0.026249807107987962,,,
462,PFGC,Actions,0.01859362280520817,0.011756563500008263,48632.0,133.24700239808155,-4.737547228103978,Renforcé,4165817.0,0.01859362280520817,0.006837059305199908,0.01047830552182022,0.0023271969517599618,0.0026568502067224335,0.0038857763269622226
463,SARO,Actions,0.018525690167001726,-0.0020323303599761346,160689.0,-18.249389499389498,-9.937238868107867,Allégé,4150597.0,0.018525690167001726,0.02055802052697786,0.06529146749030558,0.05496276415236979,,
464,EAT,Actions,0.018458199403380195,-0.010643453947413856,28966.0,-47.90568854198514,-0.5225764058718108,Allégé,4135476.0,0.018458199403380195,0.02910165335079405,0.007452616984895154,0.060109241832923,0.014749981356925035,
465,ECHO,Actions,0.01845254876474883,,35314.0,,,Nouveau,4134210.0,0.01845254876474883,,,,,
466,CRML,Actions,0.01841964919338091,0.002969187283057964,519753.0,-14.86228162854124,14.409224191804704,Allégé,4126839.0,0.01841964919338091,0.015450461910322948,,,,
467,GVA,Actions,0.018347012153027975,,34289.0,,,Nouveau,4110565.0,0.018347012153027975,,,0.006689707036486977,,
468,DPZ,Actions,0.01827695940948985,,11413.0,,,Nouveau,4094870.0,0.01827695940948985,,,,,0.001535771312474124
469,CGNX,Actions,0.018273495826884846,,83570.0,,,Nouveau,4094094.0,0.018273495826884846,,,,,
470,CUBE,Actions,0.018268608426172884,0.0018447391822962178,111678.0,-10.606824676416204,1.6643726720997343,Allégé,4092999.0,0.018268608426172884,0.016423869243876666,0.008150737692259281,0.0009692553133071035,,
471,VISN,Actions,0.01825422741695467,-0.043389697352734936,224713.0,-75.89857609259903,0.3861121047275873,Allégé,4089777.0,0.01825422741695467,0.061643924769689606,0.03776553957186632,,,
472,LITE,Actions,0.018249232895131216,-0.009668941605687362,5818.0,-71.98844487241215,90.66173323766975,Allégé,4088658.0,0.018249232895131216,0.027918174500818578,0.005450292222491237,,,
473,DASH,Actions,0.018172502935643237,-0.043634231361876406,27116.0,-63.765133495469975,-33.702760471777346,Allégé,4071467.0,0.018172502935643237,0.06180673429751964,0.3325984955105536,0.714006291917589,0.6332115754470362,0.05978485729010913
474,WINA,Actions,0.018085127815700437,,9477.0,,,Nouveau,4051891.0,0.018085127815700437,,0.028724313493067706,,,
475,RBA,Actions,0.018076464395808275,,42253.0,,,Nouveau,4049950.0,0.018076464395808275,,,,,
476,HUBB,Actions,0.01803103611777508,-0.001118664671370631,8232.0,-30.378890392422193,10.499652164860219,Allégé,4039772.0,0.01803103611777508,0.019149700789145713,0.017394332360183503,0.000996655597721241,0.0013786520441010897,0.0012694752203963073
477,FSLR,Actions,0.017891546577089936,-0.024926885163621366,20321.0,-54.78897368011213,-24.488008968619546,Allégé,4008520.0,0.017891546577089936,0.0428184317407113,,,0.0016541254260861898,0.07673299290010724
478,NB,Actions,0.01757251759015943,0.005088890546097888,882745.0,36.671316588454054,-15.849057566264468,Renforcé,3937043.0,0.01757251759015943,0.012483627044061543,,,,
479,MKL,Actions,0.01753923416814199,0.0017352992616602309,2053.0,1.8353174603174605,-10.958978534859586,Renforcé,3929586.0,0.01753923416814199,0.01580393490648176,,,,
480,KMI,Actions,0.017396593481427032,0.009224966479851684,116243.0,42.60670077165605,21.971652757514182,Renforcé,3897628.0,0.017396593481427032,0.008171627001575348,0.012668794682405695,,,
481,LZB,Actions,0.01736111407662394,,121023.0,,,Nouveau,3889679.0,0.01736111407662394,,0.01846605541137433,,,
482,PNR,Actions,0.017294823962127084,0.012931608844966344,44482.0,287.17033684393766,-16.352954636803542,Renforcé,3874827.0,0.017294823962127084,0.00436321511716074,,,0.0010986644543439692,0.0010967876010286727
483,AA,Actions,0.01698502524430374,,57371.0,,,Nouveau,3805418.0,0.01698502524430374,,,0.031184641640596228,0.07400670628553896,
484,MRNA,Actions,0.016965118571084244,0.015332508605910651,74822.0,392.8660826032541,72.26168250164136,Renforcé,3800958.0,0.016965118571084244,0.0016326099651735925,0.02248416091960544,,,0.11548460360232687
485,SMG,Actions,0.016936762720195574,0.0046758979117146795,62401.0,8.297466157584173,4.215943521547549,Renforcé,3794605.0,0.016936762720195574,0.012260864808480895,0.006929212526923034,,,
486,ALK,Actions,0.016717057320519216,-0.033334365929357394,101832.0,-62.679899289381765,-26.878725254982783,Allégé,3745381.0,0.016717057320519216,0.05005142324987661,0.03689964018327398,0.03550418575600492,0.15698234078515755,
487,ORI,Actions,0.01670687188816789,-0.03388047532632681,93812.0,-69.1347991880003,-12.576680932862628,Allégé,3743099.0,0.01670687188816789,0.050587347214494705,0.06621114772210554,0.01904517010107717,0.052799923183085705,0.04962733621571438
488,GPI,Actions,0.016593078024102627,-0.010306655323940074,11244.0,-40.04798720341242,-15.934389190518727,Allégé,3717604.0,0.016593078024102627,0.0268997333480427,0.03588662595990401,0.024865558442341052,0.012393694805189846,0.015254476509175038
489,RELY,Actions,0.016416520115460544,-0.016854318926181663,234719.0,-64.49654826081958,13.550730484053442,Allégé,3678047.0,0.016416520115460544,0.03327083904164221,0.04869105382136284,0.06281095101893644,0.060598799363183034,0.004344694878949569
490,FLEX,Actions,0.016390895852915,-0.033177689294066476,56100.0,-75.06300924135539,8.341609854724341,Allégé,3672306.0,0.016390895852915,0.04956858514698148,0.06303295412239981,0.06196619294962202,0.07000246480754983,0.04784664787313273
491,VSAT,Actions,0.016319071147657564,0.0009974637978978733,79830.0,-34.52371188136677,32.907722890671565,Allégé,3656214.0,0.016319071147657564,0.015321607349759691,0.010533696382258392,,,
492,EMN,Actions,0.016276026314355135,-0.0074833047023781,47780.0,-53.189446561707044,19.567613272305138,Allégé,3646570.0,0.016276026314355135,0.023759331016733234,,0.002944935617659611,0.05343011679490163,0.045465186340485034
493,SHW,Actions,0.016258886936515927,-0.006333255299920782,11364.0,-40.5617448611329,-1.0739869297921478,Allégé,3642730.0,0.016258886936515927,0.02259214223643671,0.02532824656409392,,,
494,WLY,Actions,0.016254856504695925,0.014357962313038498,95586.0,462.8665645978095,24.38778740054488,Renforcé,3641827.0,0.016254856504695925,0.001896894191657428,,,,
495,BHC,Actions,0.016157327196059324,0.003752459192708845,670366.0,36.96564039383705,-22.302168000906853,Renforcé,3619976.0,0.016157327196059324,0.012404868003350479,0.011030251550453762,0.02000180426173716,0.02428347318986784,0.018547989090423954
496,AMP,Actions,0.016141932999661553,-0.11708786968989082,8138.0,-89.07753633886749,-9.369013328243392,Allégé,3616527.0,0.016141932999661553,0.13322980268955237,0.12059908886246479,0.08438551466490059,0.22726982237180146,0.13671386083944523
497,WRBY,Actions,0.016130323749203278,,171520.0,,,Nouveau,3613926.0,0.016130323749203278,,,,,
498,OGN,Actions,0.015893885139235463,-0.007879854219853162,594483.0,-34.61651406417553,-16.45746243033005,Allégé,3560953.0,0.015893885139235463,0.023773739359088625,0.027975820008166483,0.007357539053209411,0.00471807551911027,0.0012345158921690882
499,OR,Actions,0.01587095229461623,,93525.0,,,Nouveau,3555815.0,0.01587095229461623,,,,,
500,THC,Actions,0.01580209573682314,-0.005457954952177463,18761.0,-36.050039199645504,-5.037252504378942,Allégé,3540388.0,0.01580209573682314,0.021260050689000602,0.023853208320673027,0.06187828857773371,0.12478686249195192,0.2356607123741071
501,SYY,Actions,0.0157088378825074,0.0077547108441718155,49341.0,66.69819926348863,-3.202578825543556,Renforcé,3519494.0,0.0157088378825074,0.007954127038335585,0.009386580650728591,0.008402311534895944,0.012700716607369952,0.031844513977378135
502,VAL,Actions,0.015708159448801266,0.0017488059850303116,35897.0,-52.73601053324556,94.52381615654313,Allégé,3519342.0,0.015708159448801266,0.013959353463770955,0.0019654980665779424,,0.002093038182575653,0.026872719814896195
503,GS,Actions,0.015685396212608567,0.00871663787530979,4154.0,91.07635694572217,-3.7554164660568157,Renforcé,3514242.0,0.015685396212608567,0.0069687583372987786,0.020052502146369597,,0.2409597953680685,
504,GGG,Actions,0.0155448577777067,-0.023242126336130924,41143.0,-68.29178066355824,3.26949371825771,Allégé,3482755.0,0.0155448577777067,0.03878698411383762,0.03510867816951236,0.014481076531309539,,
505,RBC,Actions,0.015420021512398149,,6361.0,,,Nouveau,3454786.0,0.015420021512398149,,,,,
506,AM,Actions,0.015408755942172586,0.008160116192803029,151415.0,35.517448156733586,28.16192029557869,Renforcé,3452262.0,0.015408755942172586,0.007248639749369557,0.008152520071431798,,,0.0009353144756733368
507,CELH,Actions,0.015369063106984021,-0.027033025523114672,97051.0,-61.82175802993647,-22.43114530232172,Allégé,3443369.0,0.015369063106984021,0.04240208863009869,0.030931893907125016,0.0017606044078051469,0.0019807814803641283,0.0050561642028802796
508,OKTA,Actions,0.015334445134452536,-0.053102121423380874,43649.0,-79.88784857253441,-8.974204368939365,Allégé,3435613.0,0.015334445134452536,0.06843656655783341,0.050492392807493666,0.09340238235069505,,0.001637701251509867
509,NOV,Actions,0.015332409833334133,-0.027392147053185188,182624.0,-75.63613223065522,20.34547885653717,Allégé,3435157.0,0.015332409833334133,0.04272455688651932,,0.01594710267162626,0.0007753302631336221,
510,ETSY,Actions,0.01531732361013191,-0.07352156512568835,68663.0,-84.3739261241702,-9.848479054559721,Allégé,3431777.0,0.01531732361013191,0.08883888873582026,0.13118952757947897,0.017470619795860943,0.011057466107303923,0.02963175126205772
511,NWG,Actions,0.0152564966723213,-0.017998373214379308,229406.0,-55.97548969749773,-14.857148152343303,Allégé,3418149.0,0.0152564966723213,0.03325486988670061,0.030190079447474653,0.0032437733729062178,0.0014853135412015587,0.002885930370003888
512,DTE,Actions,0.015235773200626655,-0.00040554180946077156,23345.0,-29.79791904733265,13.366414604037535,Allégé,3413506.0,0.015235773200626655,0.015641315010087427,0.015458437457136766,,,
513,ABNB,Actions,0.01523563483585764,-0.14747821664135136,27031.0,-91.77779264865129,-6.955487220804835,Allégé,3413475.0,0.01523563483585764,0.162713851477209,0.08741465941296643,0.07569816030670215,0.008576734956320109,0.206447070092817
514,GXO,Actions,0.015077189321817517,0.014177833063907587,65149.0,1290.5869797225187,-1.50058991264731,Renforcé,3377976.0,0.015077189321817517,0.0008993562579099306,,,,
515,CDW,Actions,0.015040165587657039,,27844.0,,,Nouveau,3369681.0,0.015040165587657039,,,,,
516,PPC,Actions,0.015038576624503195,0.00018613932723417562,89230.0,-14.577290176819169,-3.154639066264431,Allégé,3369325.0,0.015038576624503195,0.01485243729726902,0.01583455080107244,0.011291030788080386,0.04980491566713483,0.0016542295634127031
517,GFS,Actions,0.015020865934069346,,75660.0,,,Nouveau,3365357.0,0.015020865934069346,,,,,
518,PTON,Actions,0.01499083185243392,,782897.0,,,Nouveau,3358628.0,0.01499083185243392,,,,,
519,ENS,Actions,0.014956271903837826,-0.010235936121651678,19289.0,-59.024089731061736,18.378182813581944,Allégé,3350885.0,0.014956271903837826,0.025192208025489504,0.0011332445125190823,,,
520,AMR,Actions,0.014825914437907635,-0.007274761465309256,16182.0,-46.62928759894459,2.6966068641418817,Allégé,3321679.0,0.014825914437907635,0.02210067590321689,0.0053422487061018965,,,
521,LNTH,Actions,0.01480128997240271,-0.02565688316349985,43720.0,-73.77418929132725,13.974458378747112,Allégé,3316162.0,0.01480128997240271,0.04045817313590256,0.05965652078554174,0.13136714026888802,0.1372710502288923,0.044985406812309635
522,AER,Actions,0.014745694115536776,-0.0034471082152369107,24083.0,-30.600541755518414,-4.577080347501061,Allégé,3303706.0,0.014745694115536776,0.018192802330773687,,,,
523,PEN,Actions,0.014712093793564494,0.013361721046374508,10038.0,742.8211586901763,5.615716938716808,Renforcé,3296178.0,0.014712093793564494,0.0013503727471899855,0.0012701899927212133,0.003430468818822359,0.0019676564096682944,0.004344332677384986
524,CC,Actions,0.014676181440935777,0.0039625304566676504,149257.0,-40.1012111629251,86.85326796650423,Allégé,3288132.0,0.014676181440935777,0.010713650984268127,0.016729442251765418,,,
525,FTDR,Actions,0.014582151421941346,-0.007714920653776087,61806.0,-41.68365036231884,-8.372339980174004,Allégé,3267065.0,0.014582151421941346,0.022297072075717433,0.01704571466330692,0.009004904010897893,0.030845382208854567,0.015425664889155092
526,VNT,Actions,0.014575210866592397,-0.0034846379472000463,92064.0,-30.881845072748842,-4.599256179122968,Allégé,3265510.0,0.014575210866592397,0.018059848813792443,0.01818503885159687,0.0038192358160847465,,
527,RVTY,Actions,0.014493383727549113,,37064.0,,,Nouveau,3247177.0,0.014493383727549113,,,,,
528,KBR,Actions,0.014477775288928353,-0.0008958421288325046,88000.0,-16.084983026280657,-8.308466411461557,Allégé,3243680.0,0.014477775288928353,0.015373617417760858,0.0055710200108819085,,0.006497155886536474,
529,TRGP,Actions,0.014457694543902676,-0.03272698641694069,12919.0,-81.57823439661196,35.89701917269592,Allégé,3239181.0,0.014457694543902676,0.04718468096084336,0.015395000427862666,,0.13376900392672497,0.02577280535985428
530,ADM,Actions,0.014416301161069128,,44434.0,,,Nouveau,3229907.0,0.014416301161069128,,,,,
531,DVA,Actions,0.01433828574824321,-0.00017161518124559315,20902.0,-40.31751470504255,35.278582909210485,Allégé,3212428.0,0.01433828574824321,0.014509900929488803,0.013951316388610599,0.06441524109994914,0.16200470081704862,0.16453814376729176
532,LEU,Actions,0.01433608976545756,-0.005786485930518536,18503.0,-18.596568411790585,-28.493159442012782,Allégé,3211936.0,0.01433608976545756,0.020122575695976096,0.01043863877126881,0.012549806227163073,0.012787094326074453,0.012755455352255323
533,DHI,Actions,0.014261247815559682,0.012259024301641865,23285.0,510.8342077649528,-4.72811021503583,Renforcé,3195168.0,0.014261247815559682,0.0020022235139178167,0.0010801139439106696,0.15671407729838524,0.1090888789450083,0.003064862527738142
534,ATI,Actions,0.014250888311402182,,21950.0,,,Nouveau,3192847.0,0.014250888311402182,,0.043480235013320434,,0.07677321508928038,0.01936324520951264
535,SBH,Actions,0.014166539362859117,,229166.0,,,Nouveau,3173949.0,0.014166539362859117,,,,,
536,TGT,Actions,0.014103949390088485,2.4074208650266132e-05,26072.0,-33.991594511114485,23.989770182683223,Allégé,3159926.0,0.014103949390088485,0.014079875181438219,0.009673582870672215,0.01029406460271011,0.01677038394147524,0.1004417307489775
537,ACAD,Actions,0.014089706745639287,0.0006303931440371606,141812.0,2.629198358650736,-16.660427942253353,Renforcé,3156735.0,0.014089706745639287,0.013459313601602126,0.013646553054011624,,,
538,WTS,Actions,0.013919428812158605,-0.0049891446662098625,10743.0,-42.81075326058025,5.169893288439642,Allégé,3118585.0,0.013919428812158605,0.018908573478368468,0.02147139740451468,,,
539,UGI,Actions,0.013868001751881687,0.00460796689127115,85312.0,25.754716981132077,-2.6983638800556653,Renforcé,3107063.0,0.013868001751881687,0.009260034860610536,,0.0053255617122651,0.020604686142505116,
540,KNTK,Actions,0.013850661521958425,,64102.0,,,Nouveau,3103178.0,0.013850661521958425,,,,0.026733685883786544,
541,SKYW,Actions,0.01384876012222939,-0.0013407470520097418,33788.0,-18.547803866737382,-8.54497516351066,Allégé,3102752.0,0.01384876012222939,0.015189507174239131,0.007884391484132525,0.014863369591212188,0.0371333767089717,0.003058842646038163
542,AXTA,Actions,0.013759903160244242,0.002607835236895473,111294.0,17.58727072943961,-14.268026276433265,Renforcé,3082844.0,0.013759903160244242,0.011152067923348769,0.01543680995073796,,,
543,ZBH,Actions,0.013718853457643407,0.003478675700753159,33993.0,8.85423338029973,0.5560392646644763,Renforcé,3073647.0,0.013718853457643407,0.010240177756890248,0.00484210527566032,0.0024138267042054834,0.004474340775736057,0.0970978767350814
544,TROW,Actions,0.013709766016684909,0.005779328320779249,34076.0,60.42559201544183,-11.95546673617509,Renforcé,3071611.0,0.013709766016684909,0.00793043769590566,,,,0.002506421072429058
545,MWH,Actions,0.013677629683236395,,102045.0,,,Nouveau,3064411.0,0.013677629683236395,,,,,
546,SF,Actions,0.013619967281594533,-0.009665379961587763,41281.0,-19.044163790398493,-40.96788499756987,Allégé,3051492.0,0.013619967281594533,0.023285347243182295,0.01685891740871043,0.005762969962250891,0.025857665126021716,0.0015582919970973503
547,GIS,Actions,0.013573075015037574,0.003398108591480438,81703.0,36.16485842374548,-19.95699464194203,Renforcé,3040986.0,0.013573075015037574,0.010174966423557136,0.006416545434471499,0.006486772293492767,0.025086412960145653,0.05326451389413413
548,CASY,Actions,0.01356988369859095,-0.007906332240082706,4177.0,-60.79774753636791,31.68930424821612,Allégé,3040271.0,0.01356988369859095,0.021476215938673656,0.021221915245481723,0.004293462820101487,0.005547789691291812,0.012158817678787421
549,VMI,Actions,0.01354516996549311,-0.0014771187500357812,7595.0,-25.822834261158317,-0.6835288304565479,Allégé,3034734.0,0.01354516996549311,0.015022288715528891,0.007237372175241946,0.0032167361130169252,0.006180275203045428,0.004174501407064637
550,F,Actions,0.013511060818241228,-0.06894448370285963,262313.0,-84.77908426039184,-12.042684908393964,Allégé,3027092.0,0.013511060818241228,0.08245554452110086,,,,0.0019078256765804346
551,ZBRA,Actions,0.013478254977845867,-0.023099336925321852,14443.0,-65.03498196431597,-13.895081082412887,Allégé,3019742.0,0.013478254977845867,0.03657759190316772,0.015503083117420635,,,
552,WTRG,Actions,0.013475670681031048,0.003276456961012003,74973.0,2.8309262231000285,4.979164034767214,Renforcé,3019163.0,0.013475670681031048,0.010199213720019045,,,,
553,LVS,Actions,0.013466302047154878,-0.008635460590058952,55996.0,-39.861671964945444,-17.222319650992933,Allégé,3017064.0,0.013466302047154878,0.02210176263721383,0.016389003912498094,,,
554,HSY,Actions,0.013399686105943888,0.007246441404663664,14441.0,55.748490077653145,14.237779897589519,Renforcé,3002139.0,0.013399686105943888,0.006153244701280224,0.0065389184959444915,0.005589299029565022,0.008683943911300434,0.020593543058144804
555,VECO,Actions,0.013370022484819052,0.0068738220385450265,88467.0,41.93553562547129,18.47446072064902,Renforcé,2995493.0,0.013370022484819052,0.006496200446274025,,,,
556,LH,Actions,0.013318738252690794,-0.0025693930112451035,11184.0,-35.59829551998157,6.3496497619078385,Allégé,2984003.0,0.013318738252690794,0.015888131263935897,0.011686981887846903,0.002934105386001734,0.019491309917508443,0.03832538657247337
557,ALKS,Actions,0.013226689974259022,-0.02191991758775113,83806.0,-75.66975950204963,26.375975497043736,Allégé,2963380.0,0.013226689974259022,0.03514660756201015,,,,
558,IRDM,Actions,0.013198588536010152,-0.01341101965567519,106600.0,-74.60925404560807,59.608755309188275,Allégé,2957084.0,0.013198588536010152,0.02660960819168534,0.007983632789531443,,0.010359438752595181,
559,AMWD,Actions,0.013197410203783707,0.0027659563231570167,74236.0,39.8831731675146,-26.103893104886076,Renforcé,2956820.0,0.013197410203783707,0.01043145388062669,0.005108533747441193,,,
560,HLI,Actions,0.013172535789018626,0.010886981029603504,20549.0,471.1228460255698,-17.549862547483773,Renforcé,2951247.0,0.013172535789018626,0.0022855547594151206,,,,0.004965907240849979
561,VCYT,Actions,0.013167478779880129,0.008808191221493563,91590.0,222.56814820032403,-23.49165826621831,Renforcé,2950114.0,0.013167478779880129,0.004359287558386566,,,,
562,PB,Actions,0.013108535388279977,-0.029200827116516115,43717.0,-73.9587552717482,-2.7926483691369186,Allégé,2936908.0,0.013108535388279977,0.04230936250479609,0.09518283585773409,0.028888773705330394,,
563,BCPC,Actions,0.013096479799857137,0.010408643830138793,17313.0,260.23720349563047,10.511230391674742,Renforcé,2934207.0,0.013096479799857137,0.0026878359697183438,,,,
564,NWE,Actions,0.013090257848631133,-0.016043060305167695,44477.0,-64.067991048707,2.169180833918638,Allégé,2932813.0,0.013090257848631133,0.029133318153798826,0.060645173215342754,0.052300656908411125,0.025744619713305314,0.014666838856862551
565,CTRA,Actions,0.013075858985894338,-0.09721803249510899,83369.0,-92.74485641831622,33.510652203577116,Allégé,2929587.0,0.013075858985894338,0.11029389148100333,0.13736934563862238,0.16771027973541563,0.26491212613272774,0.23611373024997268
566,LBRDK,Actions,0.013048627906676368,0.0015336564700007167,58121.0,-10.543165412260855,3.4979186551623798,Allégé,2923486.0,0.013048627906676368,0.011514971436675651,0.009307603625460273,0.01695757336932077,0.012251931051148876,
567,SRPT,Actions,0.013041406158409742,-0.008977075457703078,134277.0,-52.14101394314391,1.1152642756577347,Allégé,2921868.0,0.013041406158409742,0.02201848161611282,0.026592074834230154,,0.005868525777309629,0.002923929440475651
568,PHM,Actions,0.013000615331828353,-0.03204005614932204,24766.0,-76.48700737688576,0.29846931727188775,Allégé,2912729.0,0.013000615331828353,0.04504067148115039,0.1066685812610287,0.44085316314709616,0.5011305558244245,0.39123257474945033
569,CACI,Actions,0.012902153176845815,0.009620376963458013,5315.0,214.6832445233866,2.0757953087851,Renforcé,2890669.0,0.012902153176845815,0.003281776213387803,,,0.07259014510299472,
570,OSK,Actions,0.012879572939218585,-0.0188312011016833,19602.0,-71.67995839112345,17.177409796986343,Allégé,2885610.0,0.012879572939218585,0.03171077404090188,0.01983122075143101,0.006632401598437271,0.03746322008158405,
571,APPF,Actions,0.012859719826554837,-0.023143759258249998,18256.0,-56.97992270713546,-32.16419051094065,Allégé,2881162.0,0.012859719826554837,0.036003479084804835,0.04383533195228787,,0.04730557094823597,0.08744051475790729
572,QRVO,Actions,0.012830248130754758,0.002063409175529052,37139.0,6.305816349896955,-8.413181625884459,Renforcé,2874559.0,0.012830248130754758,0.010766838955225707,0.05156317961995432,0.010352890710158335,,
573,JBHT,Actions,0.012752089889780178,0.004203617817595068,13483.0,11.780799204112087,9.035725780552495,Renforcé,2857048.0,0.012752089889780178,0.00854847207218511,,,0.027919043541036966,
574,HLF,Actions,0.012696248547033738,,193243.0,,,Nouveau,2844537.0,0.012696248547033738,,,,,0.0005768266233341529
575,CHRW,Actions,0.012540927398745553,0.011068260609316113,16919.0,573.5270700636943,3.303079027062572,Renforcé,2809738.0,0.012540927398745553,0.001472666789429439,,,,
576,BJ,Actions,0.012535901633264575,-0.007294813049365759,28537.0,-52.75409347527359,9.319134357870418,Allégé,2808612.0,0.012535901633264575,0.019830714682630333,0.023529775053906563,0.0032220645063204844,0.005135887949857544,0.009714956610772844
577,DOCS,Actions,0.012481586766356937,0.008833949518596892,120019.0,431.3161273186064,-47.380305699970314,Renforcé,2796443.0,0.012481586766356937,0.0036476372477600456,,,,0.0010334802693353685
578,WULF,Actions,0.0124686608189032,,193593.0,,,Nouveau,2793547.0,0.0124686608189032,,,,,
579,JLL,Actions,0.012420255466646374,0.00011565143816786617,9144.0,-8.81531711208616,-9.555084946095093,Allégé,2782702.0,0.012420255466646374,0.012304604028478508,0.005799054860091738,,,
580,RIG,Actions,0.012382298886139958,0.010954385115537493,418431.0,341.345667032318,60.53273124793892,Renforcé,2774198.0,0.012382298886139958,0.001427913770602465,,,,
581,THG,Actions,0.0123479085459704,-0.005001555382353034,15959.0,-38.68997310795236,-5.154004719091043,Allégé,2766493.0,0.0123479085459704,0.017349463928323434,0.0330812982484548,0.027914585292091235,0.02493581100897652,0.006020881192903932
582,CMS,Actions,0.012336178784261692,-0.004517694327115284,35626.0,-46.09390367534688,10.939502207324114,Allégé,2763865.0,0.012336178784261692,0.016853873111376975,0.014507258080444067,,,
583,CVCO,Actions,0.012316624718034196,0.003552990254730255,5698.0,40.06882989183874,-18.019773372750524,Renforcé,2759484.0,0.012316624718034196,0.008763634463303941,0.0056645106951264245,0.004114447359688735,0.0012753170495417706,
584,MGRC,Actions,0.012264684369098033,0.0077749996713538955,24917.0,112.36682860308531,5.098619902464696,Renforcé,2747847.0,0.012264684369098033,0.0044896846977441375,0.0018159505780285976,,,
585,HAE,Actions,0.012169529578432904,,48377.0,,,Nouveau,2726528.0,0.012169529578432904,,0.011284728288486623,0.013929045304406841,0.006344925480148453,0.0019302454949451694
586,OKLO,Actions,0.012163905720079414,-9.267050054778854e-05,54956.0,17.3370911264839,-30.894642441672538,Renforcé,2725268.0,0.012163905720079414,0.012256576220627202,0.01119156665885857,,,
587,FIS,Actions,0.012161879345720298,-0.01970068736594869,58086.0,-55.816713066496284,-29.416194016385113,Allégé,2724814.0,0.012161879345720298,0.03186256671166899,0.0212610609928904,0.04395868811675609,0.08654586714466912,0.10704189603405886
588,TDG,Actions,0.01201659633825513,-0.014947411126217284,2323.0,-58.219424460431654,-12.85032405445925,Allégé,2692264.0,0.01201659633825513,0.026964007464472414,,,,
589,LMND,Actions,0.011931403810959043,-0.00521983691891597,42648.0,-35.45418772891001,-11.941538766630345,Allégé,2673177.0,0.011931403810959043,0.017151240729875013,0.001769816337336916,,,
590,LRN,Actions,0.011912340716492569,-0.018630194277699637,30270.0,-76.53288264890806,35.79239316539316,Allégé,2668906.0,0.011912340716492569,0.030542534994192207,0.023068256367730928,0.010754093314199579,0.008839203893921887,0.006649099174939579
591,USAR,Actions,0.011785611978214273,-6.182712635720289e-05,174464.0,-36.09494331605648,27.18491086398538,Allégé,2640513.0,0.011785611978214273,0.011847439104571476,,,,
592,DLR,Actions,0.011785272761361204,0.010701463464641923,14652.0,662.7277459656428,16.48241929241465,Renforcé,2640437.0,0.011785272761361204,0.0010838092967192807,0.00349313020619706,0.00854080539112433,0.003403726578524295,0.04388643224740367
593,FSS,Actions,0.011716326935975201,-0.0048638606058168995,24274.0,-42.02393178724116,-0.41442280904703255,Allégé,2624990.0,0.011716326935975201,0.0165801875417921,0.015873767060184646,,,
594,DLTR,Actions,0.011651161593149042,0.006082393797544796,23837.0,92.01707749315288,-10.974704907231903,Renforcé,2610390.0,0.011651161593149042,0.005568767795604246,0.018209189110055236,0.004709968924667868,0.005596944913639767,0.012940522012437842
595,SFD,Actions,0.011621672043830382,-0.015047020927111363,93092.0,-71.57461465178201,25.257484093149763,Allégé,2603783.0,0.011621672043830382,0.026668692970941744,0.03289016844140819,,,
596,AES,Actions,0.011559443604811046,0.0006563508162711097,183807.0,-11.840628507295174,-1.7433624513693236,Allégé,2589841.0,0.011559443604811046,0.010903092788539936,,,,
597,UBER,Actions,0.011315439566343894,-0.3727946082703264,35245.0,-97.26583924267355,-11.969153753978802,Allégé,2535173.0,0.011315439566343894,0.3841100478366703,1.3832001537239125,1.4051495412767872,0.19997367455067355,0.16933802973149442
598,SBAC,Actions,0.011255554401638512,,14652.0,,,Nouveau,2521756.0,0.011255554401638512,,,,,
599,EA,Actions,0.011245150263684554,-0.0037307152176797864,12358.0,-38.511294656184695,-0.2251359779924189,Allégé,2519425.0,0.011245150263684554,0.01497586548136434,0.041080854931033,,,
600,BILL,Actions,0.011238598022364774,0.00031115218136993673,65743.0,19.661090988514953,-29.776304894561246,Renforcé,2517957.0,0.011238598022364774,0.010927445840994837,0.0011491370670309404,0.0018321726760754308,0.00905678592484915,
601,BTG,Actions,0.011178788735113368,0.01011383317921347,552901.0,753.5979497630185,0.47385429186714845,Renforcé,2504557.0,0.011178788735113368,0.0010649555558998988,0.0008961254055047178,0.0010535536415819536,0.0009003408781563334,
602,BAH,Actions,0.0111671705578958,-0.001127375710973452,32064.0,-19.76779101191072,-7.503552132755242,Allégé,2501954.0,0.0111671705578958,0.012294546268869251,0.030934855398673196,0.021606634845931304,0.09819448105432409,0.040881062472855875
603,YUM,Actions,0.011145790969393245,,16061.0,,,Nouveau,2497164.0,0.011145790969393245,,,,,
604,BRX,Actions,0.011132409757215656,0.0024217991607422395,86603.0,-4.934246635491449,9.83977908467315,Allégé,2494166.0,0.011132409757215656,0.008710610596473416,0.005087164783955321,,,
605,HP,Actions,0.011107852242405413,,69072.0,,,Nouveau,2488664.0,0.011107852242405413,,0.0009565421834776993,,0.015189204958142887,0.02446423529463259
606,FCFS,Actions,0.011007515467971712,-0.0015340585667319925,13118.0,-39.20659931411623,17.957071351765673,Allégé,2466184.0,0.011007515467971712,0.012541574034703705,0.007514620276197517,0.0038396942648626802,,0.0027311831901579726
607,STE,Actions,0.01099010382397412,0.007882770297645336,11135.0,231.30020827134783,-12.776125059886468,Renforcé,2462283.0,0.01099010382397412,0.003107333526328782,0.008448426352604272,0.0033748615288277627,0.00443327679527341,0.010336875036482696
608,CF,Actions,0.010955343023293974,0.0024563392285198715,18904.0,-37.26687462666755,67.88202281252521,Allégé,2454495.0,0.010955343023293974,0.008499003794774102,0.03156125003428181,0.08519635414277699,,0.008290619589782335
609,BOOT,Actions,0.01090291170259679,0.0057281797966008685,16690.0,107.5612486009203,-17.06238800800567,Renforcé,2442748.0,0.01090291170259679,0.005174731905995921,0.004246919903496611,,,
610,MS,Actions,0.010843254170253336,0.002243720187245597,14762.0,11.13453286155236,-7.300187985125084,Renforcé,2429382.0,0.010843254170253336,0.008599533983007739,,,,
611,RL,Actions,0.010779749204655352,-0.029607049576253597,7021.0,-77.58229828538586,-2.720506440621473,Allégé,2415154.0,0.010779749204655352,0.04038679878090895,0.0312765551139703,,0.0062798893398111596,0.11928727071712189
612,CMG,Actions,0.01077832092316875,-0.023046891033730865,75440.0,-69.90669639829747,-13.48650081682955,Allégé,2414834.0,0.01077832092316875,0.033825211956899616,0.06908276818682174,0.01722750630517805,0.02354241935738138,0.10334823783571369
613,MATX,Actions,0.010707353186803275,,14633.0,,,Nouveau,2398934.0,0.010707353186803275,,0.004778554644197202,0.00881755512083703,,
614,ACA,Actions,0.01070090806659499,0.0017972307880210463,22588.0,-1.637345410207281,-0.16929392392653897,Allégé,2397490.0,0.01070090806659499,0.008903677278573944,,,,
615,MUSA,Actions,0.01063142663565151,-0.004107516247346562,4822.0,-51.8570287539936,22.415238055149178,Allégé,2381923.0,0.01063142663565151,0.014738942882998072,0.010943146092695399,,,0.0009362772899589388
616,MTSI,Actions,0.010628454024807523,-6.623381588985282e-05,10723.0,-37.37297044737764,29.65322774762229,Allégé,2381257.0,0.010628454024807523,0.010694687840697376,0.013260634665968683,,,
617,KRMN,Actions,0.010594112781814066,,29651.0,,,Nouveau,2373563.0,0.010594112781814066,,0.001493907958748379,,,
618,HSIC,Actions,0.010558673547427785,0.008515485996638766,32098.0,332.99608795359507,-2.4874941092164593,Renforcé,2365623.0,0.010558673547427785,0.002043187550789019,0.000901915199827746,0.001037185269117274,0.0016679093020272723,0.004240949347260977
619,PCTY,Actions,0.010510062879707257,-0.010740801624936668,21795.0,-42.96294357793363,-29.15409234333337,Allégé,2354732.0,0.010510062879707257,0.021250864504643925,0.006705796194294295,0.0032201203083096473,,
620,SPXC,Actions,0.010473302484945872,,11736.0,,,Nouveau,2346496.0,0.010473302484945872,,,,,
621,SSNC,Actions,0.010466397636634086,,34704.0,,,Nouveau,2344949.0,0.010466397636634086,,0.010143829338817882,,,
622,LECO,Actions,0.010368073846420562,-0.02106556479146992,9326.0,-74.0721176568712,3.939240546375644,Allégé,2322920.0,0.010368073846420562,0.03143363863789048,0.0255575036161649,,,
623,VKTX,Actions,0.010345185635597786,-0.0029535356672687266,71229.0,-31.285271901137385,-7.504259856262518,Allégé,2317792.0,0.010345185635597786,0.013298721302866513,0.012713036859052706,,,
624,LII,Actions,0.01031650842137463,-0.016578294509339675,4980.0,-67.21095601790887,-4.4174137740365165,Allégé,2311367.0,0.01031650842137463,0.026894802930714307,0.026766943858979805,,0.0009965496413304276,0.030681415981051067
625,UNFI,Actions,0.010311014001030863,0.007502029071204069,51268.0,124.10281068321896,33.8282579595049,Renforcé,2310136.0,0.010311014001030863,0.002808984929826794,0.002894481925926748,,,
626,NEE,Actions,0.010310487322232678,0.008174205323544785,24871.0,240.83870083596,15.695074823946275,Renforcé,2310018.0,0.010310487322232678,0.002136281998687894,,,,
627,CMC,Actions,0.01028908095345225,0.0007932211687475231,37526.0,-0.2445637726620235,-11.253981133096126,Inchangé,2305222.0,0.01028908095345225,0.009495859784704727,,,,
628,DIS,Actions,0.010264108344334964,,23860.0,,,Nouveau,2299627.0,0.010264108344334964,,,,,
629,AWR,Actions,0.010243416116297838,0.004775754696751109,30349.0,46.71275258629024,4.332231789621921,Renforcé,2294991.0,0.010243416116297838,0.0054676614195467285,0.002764756060702521,,,
630,SIGI,Actions,0.010119052969231724,0.0017116593916962474,30072.0,9.138419104304276,-9.89601622340739,Renforcé,2267128.0,0.010119052969231724,0.008407393577535477,0.01490546900880207,0.012399986005759525,0.011733117281042,0.0024302853865875887
631,YELP,Actions,0.010090545363435103,-0.029333447210527858,91380.0,-74.31212260915521,-18.591645574843884,Allégé,2260741.0,0.010090545363435103,0.03942399257396296,0.04350101246196004,0.041361126633314864,0.04411936608748268,0.028412154406485538
632,PENN,Actions,0.01008871984116004,,150388.0,,,Nouveau,2260332.0,0.01008871984116004,,,,,
633,GPK,Actions,0.01004193023233493,0.001817523696740448,226343.0,51.14522677493456,-33.99735276690061,Renforcé,2249849.0,0.01004193023233493,0.008224406535594482,,,,
634,CRI,Actions,0.009953787411093082,,62363.0,,,Nouveau,2230101.0,0.009953787411093082,,,,,0.010031745434885594
635,LTM,Actions,0.009892835498652395,0.006259686821932079,44831.0,143.0391412772417,-8.46133890436217,Renforcé,2216445.0,0.009892835498652395,0.0036331486767203153,0.0018847895872563228,,,
636,KLIC,Actions,0.00984103797786489,,33549.0,,,Nouveau,2204840.0,0.00984103797786489,,,,,
637,ALC,Actions,0.009716496295612952,,28891.0,,,Nouveau,2176937.0,0.009716496295612952,,,,,
638,ZWS,Actions,0.009705288749322782,0.0061156641338557215,48493.0,129.03225806451613,-3.549178214523563,Renforcé,2174426.0,0.009705288749322782,0.003589624615467061,,,,
639,KVUE,Actions,0.009614735703072296,-0.002722189544919207,124950.0,-36.28738240318181,-0.05797840013433975,Allégé,2154138.0,0.009614735703072296,0.012336925247991503,0.007689955461653828,0.009187541649347434,0.01376619490735291,0.022468876045001134
640,CVBF,Actions,0.009594025621516586,,110856.0,,,Nouveau,2149498.0,0.009594025621516586,,,,,
641,SCHW,Actions,0.009477468925450674,-0.11077437403473443,22594.0,-93.1543083257839,-5.935347779655009,Allégé,2123384.0,0.009477468925450674,0.12025184296018511,0.18074755021693767,,0.030796403286501815,
642,ENPH,Actions,0.009460369718028275,-0.02137653161251606,56058.0,-78.75279054871,17.971917897236334,Allégé,2119553.0,0.009460369718028275,0.030836901330544335,0.028982237469939717,,,
643,PANW,Actions,0.009423328130349214,,13169.0,,,Nouveau,2111254.0,0.009423328130349214,,0.07106529874711857,1.2656360984015298,0.6715289040527703,0.002598704529289054
644,SIRI,Actions,0.009409371142197339,0.002970297165930202,91340.0,3.4346088079087727,15.428876661870895,Renforcé,2108127.0,0.009409371142197339,0.006439073976267137,0.020696211322511215,,,
645,MZTI,Actions,0.00938724170591432,0.005326149580177823,15204.0,124.47955115901372,-15.867937769624552,Renforcé,2103169.0,0.00938724170591432,0.004061092125736496,0.002307460242104845,,0.001201623651545083,0.002787888366750005
646,RUN,Actions,0.009345424302014436,-0.01105576738087493,154410.0,-49.21391922115511,-26.304333747251107,Allégé,2093800.0,0.009345424302014436,0.020401191682889366,0.014478865367823423,,,
647,EXPD,Actions,0.009265869023210775,,14494.0,,,Nouveau,2075976.0,0.009265869023210775,,,,0.001013697135601125,
648,KT,Actions,0.009218374200401655,,96286.0,,,Nouveau,2065335.0,0.009218374200401655,,,,,
649,ELAN,Actions,0.009205841030356734,0.007377225095829149,86190.0,288.97914974275653,5.744505206039552,Renforcé,2062527.0,0.009205841030356734,0.0018286159345275849,,,,
650,CBT,Actions,0.009194695971381601,0.0013406651570325532,27354.0,-15.818304917830982,13.624050535113197,Allégé,2060030.0,0.009194695971381601,0.007854030814349048,0.009649068301745617,0.005853467942688927,0.006158497514163757,0.004399075546766362
651,DNN,Actions,0.009179399969336036,-0.0050750127148790555,582607.0,-60.352576098865576,32.70679242034673,Allégé,2056603.0,0.009179399969336036,0.014254412684215092,0.03193637229705123,0.033894208290769647,0.047350880047004267,0.04507063421590515
652,WIX,Actions,0.009165978586741636,-0.007309959073270259,22800.0,-47.57174392935982,-13.30252538309259,Allégé,2053596.0,0.009165978586741636,0.016475937660011895,0.022746781759395793,,,
653,MDGL,Actions,0.009158863959586505,-0.0316535042306339,3920.0,-79.60245603080446,-10.109231106897255,Allégé,2052002.0,0.009158863959586505,0.040812368190220404,0.04992176901205891,,,
654,NTRS,Actions,0.009129387800406783,0.003697490140282817,14655.0,34.3878954607978,2.181690776983447,Renforcé,2045398.0,0.009129387800406783,0.0054318976601239665,,,,
655,HII,Actions,0.009093707543519639,-0.015721757520594716,5363.0,-73.19840079960021,11.712306051803601,Allégé,2037404.0,0.009093707543519639,0.024815465064114355,0.013548678892197777,,0.0009712505920181675,
656,KEN,Actions,0.009026515826334364,0.006839044280280577,24555.0,171.44594295821358,24.204560162625842,Renforcé,2022350.0,0.009026515826334364,0.0021874715460537867,,,,
657,IR,Actions,0.009005948572927315,-0.006636912662712805,25184.0,-53.489574676344034,1.1360807547584617,Allégé,2017742.0,0.009005948572927315,0.01564286123564012,0.005622101822771144,,,
658,EEFT,Actions,0.00892021151331446,-0.05052175313928163,30112.0,-85.93968145758137,-12.797286686559195,Allégé,1998533.0,0.00892021151331446,0.05944196465259609,0.07104072933575589,0.07813980679032825,0.07039928825992033,0.026537655858676727
659,RDN,Actions,0.008910887513234746,0.0005571559852461175,60352.0,-5.179971405678016,-8.085606354867158,Allégé,1996444.0,0.008910887513234746,0.008353731527988628,0.011129191222454255,,,
660,ACI,Actions,0.008872922005969038,-0.01645991596288949,116663.0,-71.16455996559412,-0.7571114313534189,Allégé,1987938.0,0.008872922005969038,0.025332837968858525,0.016926021046567995,0.017144777049571694,0.005552447722744134,0.007018278850678878
661,SRAD,Actions,0.008871667796288616,0.0059246895294008135,118737.0,249.25728740771245,-29.575135136758902,Renforcé,1987657.0,0.008871667796288616,0.0029469782668878025,,,,
662,KDP,Actions,0.008855309509887393,-0.01248997686270536,75351.0,-63.9415415683666,-5.997854831806326,Allégé,1983992.0,0.008855309509887393,0.021345286372592753,0.022720155756680217,0.009739290523841919,0.013494043388435401,0.018790687062844657
663,MA,Actions,0.00876457792845108,-0.8431476889725813,3930.0,-99.03960587184481,-12.475467483042612,Allégé,1963664.0,0.00876457792845108,0.8519122669010324,0.816094915799105,0.28536600386893557,0.5113389889916509,0.11585184389500518
664,AIZ,Actions,0.00871646269587122,-0.0384854273177626,8966.0,-83.3162762136916,-9.566142341327776,Allégé,1952884.0,0.00871646269587122,0.04720189001363382,0.04800930749848467,,0.024274718503263727,0.008996646720584428
665,CTAS,Actions,0.00865609548616411,,11466.0,,,Nouveau,1939359.0,0.00865609548616411,,0.01929442690442228,,0.0010946745070840127,0.0009532457455351931
666,NVST,Actions,0.008655417052457976,-0.0011694824472663259,76437.0,-38.40544090509843,16.85860355345281,Allégé,1939207.0,0.008655417052457976,0.009824899499724302,0.006257263413518416,,,0.0016224566919878338
667,CHE,Actions,0.008534517487996867,-0.009064129440363,5062.0,-55.12013476372019,-11.714107649798855,Allégé,1912120.0,0.008534517487996867,0.017598646928359867,0.007945344934515692,0.0055779968660248464,0.02188744954710762,0.020280078235732347
668,CARG,Actions,0.008455149671138324,-0.010458875711006736,55634.0,-58.86337084633472,-11.21250737193974,Allégé,1894338.0,0.008455149671138324,0.01891402538214506,0.015503557112761017,0.007991609789121255,0.017097963250991242,0.004971945461869683
669,MCHP,Actions,0.00834597540500628,0.00619421656375795,28941.0,212.5377969762419,1.3967695455424645,Renforcé,1869878.0,0.00834597540500628,0.0021517588412483307,,,,
670,HLT,Actions,0.00832657309368674,-0.03712581376169331,6135.0,-85.86079741876009,5.859014935173978,Allégé,1865531.0,0.00832657309368674,0.045452386855380056,0.05029406688937035,,,
671,KMB,Actions,0.008317985551248552,0.000631001797965932,19318.0,-7.53840999377782,-4.381043054985289,Allégé,1863607.0,0.008317985551248552,0.00768698375328262,0.009810747720618655,0.00976427467836292,0.016333990419127822,0.060500168701522375
672,ARES,Actions,0.008310857533954484,0.0001313972953810652,17067.0,22.987677451898826,-32.50015854517391,Renforcé,1862010.0,0.008310857533954484,0.00817946023857342,,,,
673,FMC,Actions,0.008193595623904563,-0.0020134549798709322,106605.0,-47.172419944697175,24.152852642857358,Allégé,1835738.0,0.008193595623904563,0.010207050603775495,,,,
674,FUN,Actions,0.008156531719327276,-0.001929121944769999,102954.0,-42.89533529313883,15.710575549724947,Allégé,1827434.0,0.008156531719327276,0.010085653664097275,,,,
675,FSLY,Actions,0.008141244644041002,,62767.0,,,Nouveau,1824009.0,0.008141244644041002,,,,,
676,EOG,Actions,0.008112344260835565,-0.06874723494067053,12572.0,-93.73611152631211,37.672599971327884,Allégé,1817534.0,0.008112344260835565,0.0768595792015061,0.09389246384853639,0.0669166615883939,0.19571826125319658,0.10910888408170918
677,ULTA,Actions,0.008098025738932393,,3471.0,,,Nouveau,1814326.0,0.008098025738932393,,0.0009959347218487233,0.11051979138469925,,0.0010867743324584108
678,NEU,Actions,0.008073187031204476,-0.007057173368885807,2822.0,-53.25492794434322,-6.738355683124409,Allégé,1808761.0,0.008073187031204476,0.015130360400090283,0.02026752366896163,0.014582574154850378,0.006974789689341749,0.001388034337593378
679,NET,Actions,0.008065889405483875,-0.021337354510011085,8758.0,-78.58522630021761,4.661435685827042,Allégé,1807126.0,0.008065889405483875,0.02940324391549496,0.012621865226390892,,,
680,AVY,Actions,0.0080364668068599,0.0005580703393387914,10427.0,-7.521064301552107,-5.058299167445823,Allégé,1800534.0,0.0080364668068599,0.0074783964675211095,0.011216986127980446,,,0.0029385091996576257
681,EL,Actions,0.008035328645050266,0.0024078188654772384,25084.0,70.22258414766557,-31.46485004159296,Renforcé,1800279.0,0.008035328645050266,0.005627509779573028,0.004807170643879017,0.004295564328739757,0.005368084322492788,0.014489240884638346
682,OKE,Actions,0.008024920043716664,-0.004535281632786926,19891.0,-57.55228339735382,22.97955832073917,Allégé,1797947.0,0.008024920043716664,0.01256020167650359,,,,
683,AMG,Actions,0.008016497646325364,-0.005817396388933175,6491.0,-50.67254350634547,-4.016924099432851,Allégé,1796060.0,0.008016497646325364,0.013833894035258539,0.01338804147961021,0.08750302407445988,0.06323409921522814,0.05925037157119181
684,HESM,Actions,0.0080160022111847,0.0006732943294290765,46204.0,-20.832048250574005,12.666636554461054,Allégé,1795949.0,0.0080160022111847,0.007342707881755623,0.013811378078325387,,,
685,HXL,Actions,0.007944338187594508,,21993.0,,,Nouveau,1779893.0,0.007944338187594508,,,0.02643681329159286,,
686,BX,Actions,0.007849553857439967,0.006886094880744137,15294.0,792.2987164527422,-25.39900177300397,Renforcé,1758657.0,0.007849553857439967,0.0009634589766958294,0.024440531637893358,0.001488457022346314,0.0029364341622800006,0.0036434909892353504
687,HOG,Actions,0.007833659762521887,-0.019377579686254205,86800.0,-76.16471609101345,-1.317711462481852,Allégé,1755096.0,0.007833659762521887,0.02721123944877609,0.009205870906536694,,,
688,RBRK,Actions,0.007808472911181612,-0.006673063531635401,35725.0,-31.196194364732392,-35.97019678953094,Allégé,1749453.0,0.007808472911181612,0.014481536442817014,0.012224241895562291,,,
689,OTEX,Actions,0.00779952383499213,-0.05130925109154909,78666.0,-84.17326399018198,-31.88105176947301,Allégé,1747448.0,0.00779952383499213,0.05910877492654122,0.07477177386429044,0.05750209650202587,0.057514147939142765,0.022571030640703517
690,STZ,Actions,0.007714728548484503,0.0009338548496297047,11523.0,-14.505119453924914,8.727160278042945,Allégé,1728450.0,0.007714728548484503,0.0067808736988547984,0.010174235552305937,0.005402385768933974,0.00974553897191527,0.1371572230634752
691,CHD,Actions,0.00769275533048908,-0.000978266057022014,18469.0,-34.86969707655958,11.293993237650234,Allégé,1723527.0,0.00769275533048908,0.008671021387511094,0.005123713350284045,0.005408770966965415,0.009357117606158491,0.02119254191902739
692,ALGN,Actions,0.007592655115176595,-0.00720940221508667,9923.0,-61.82580595522044,9.785472500064095,Allégé,1701100.0,0.007592655115176595,0.014802057330263265,0.00893150595079205,0.001728214552977306,0.002188230901040526,0.007232968097048422
693,CVSA,Actions,0.00758592433867099,-0.00885925291441412,14747.0,-66.16341233967373,11.384959126481364,Allégé,1699592.0,0.00758592433867099,0.01644517725308511,0.048372720901151564,0.09333900230226294,0.07882206228621524,0.027952199682933682
694,NDSN,Actions,0.007560982973211224,-0.002402861667511004,6367.0,-43.972192889827525,10.660046632073893,Allégé,1694004.0,0.007560982973211224,0.009963844640722228,0.00944422005104594,,0.001026655185248868,0.0009411005310468122
695,AZO,Actions,0.0075230799532605575,,499.0,,,Nouveau,1685512.0,0.0075230799532605575,,,,0.028992747627638416,0.3212854877646069
696,SMCI,Actions,0.007509323817192734,,73888.0,,,Nouveau,1682430.0,0.007509323817192734,,0.015674218939200162,0.15395746670339774,0.0572550426198706,0.005075700163218139
697,AVNT,Actions,0.0074672073668565955,0.00426637824920725,46088.0,64.0375854214123,16.1971606121601,Renforcé,1672994.0,0.0074672073668565955,0.003200829117649346,,,,
698,TS,Actions,0.00743462023206387,,28630.0,,,Nouveau,1665693.0,0.00743462023206387,,,,,
699,EQNR,Actions,0.007412696111244549,-0.005941000074185251,39355.0,-74.60377894220593,78.58655813713425,Allégé,1660781.0,0.007412696111244549,0.0133536961854298,0.027182402733484153,0.09406192127382769,,
700,LEA,Actions,0.007312502164959507,-0.02845965209559081,13531.0,-84.19201831861301,5.654414998735224,Allégé,1638333.0,0.007312502164959507,0.03577215426055032,0.052122141563088906,0.012336202596744252,0.0204143749371523,0.001561758128525518
701,IPAR,Actions,0.007272617404446182,0.003606458270879242,17937.0,51.35431609146907,7.0847876441225255,Renforcé,1629397.0,0.007272617404446182,0.0036661591335669396,0.001814779300286659,,,0.0021024883858094547
702,GTES,Actions,0.00708336564409194,-0.005170883944689466,70190.0,-55.15359844612554,5.309729866929991,Allégé,1586996.0,0.00708336564409194,0.012254249588781406,,0.02568833335987318,0.005146711841668566,
703,SMPL,Actions,0.007059281247524135,-0.000277763218468916,110216.0,10.000399217533634,-28.535849866246043,Renforcé,1581600.0,0.007059281247524135,0.007337044465993051,0.016186580480936408,,0.0011084259067101886,0.0029765266094491146
704,GTLS,Actions,0.007052063962637155,0.004519087587482651,7642.0,126.90023752969122,0.2520619765871146,Renforcé,1579983.0,0.007052063962637155,0.0025329763751545035,,0.04824662086326243,0.04954374114265577,0.015080963620419744
705,AVT,Actions,0.007031505635989396,0.0028486883623205696,25566.0,7.168008048289738,28.161457812332678,Renforcé,1575377.0,0.007031505635989396,0.0041828172736688264,,,,
706,ILMN,Actions,0.007015040228476676,,12751.0,,,Nouveau,1571688.0,0.007015040228476676,,,,,
707,CRWD,Actions,0.006978904706865677,,4005.0,,,Nouveau,1563592.0,0.006978904706865677,,,,,0.021091781111624165
708,CORT,Actions,0.006912842224730748,-0.02849426422856584,38422.0,-86.22867383512545,15.833346795448255,Allégé,1548791.0,0.006912842224730748,0.03540710645329659,0.09960628964564698,,,
709,NUVL,Actions,0.006868244135311639,5.332430023058301e-05,15020.0,-19.15168478845947,1.8490914568529693,Allégé,1538799.0,0.006868244135311639,0.006814919835081056,0.007472238825060275,,,
710,FAF,Actions,0.00677802137915493,0.0030432193126202485,25188.0,51.10684504169416,-1.8716792815039685,Renforcé,1518585.0,0.00677802137915493,0.0037348020665346816,0.0022555244551395476,0.023327576807594213,0.020185161746014906,
711,MMM,Actions,0.0067233048080791846,,10372.0,,,Nouveau,1506326.0,0.0067233048080791846,,,,,0.0009380928826117884
712,MAS,Actions,0.006722885250392495,,24950.0,,,Nouveau,1506232.0,0.006722885250392495,,0.010384916687814133,,,
713,MHK,Actions,0.006676341127447895,0.0023775387035352685,15192.0,40.86230876216968,-9.917715303278152,Renforcé,1495804.0,0.006676341127447895,0.004298802423912626,,,0.008564755835593123,0.06992006858205749
714,BDX,Actions,0.006664075760181711,0.0002669358585145887,9496.0,5.0558690120588565,-18.98285805373039,Renforcé,1493056.0,0.006664075760181711,0.0063971399016671225,0.00696617241152234,0.006514337955746,0.012989598067937928,0.033296575464964055
715,KHC,Actions,0.006605194855896595,0.0019329680207336988,65801.0,24.54526526981243,-7.257744570032387,Renforcé,1479864.0,0.006605194855896595,0.004672226835162896,0.005330371401374276,0.005044810645567439,0.009108455741865588,0.029066354619742645
716,JEF,Actions,0.006603333626584369,0.0012139316418507814,35848.0,50.318685005031874,-33.40327766886523,Renforcé,1479447.0,0.006603333626584369,0.0053894019847335875,,,0.029849992435913658,
717,HRB,Actions,0.006591652962051762,-0.0658236509770454,46529.0,-89.7885461588263,-27.168448935628064,Allégé,1476830.0,0.006591652962051762,0.07241530393909716,0.12009972106076201,0.14010883133124408,0.13360368556542956,0.10671077961641035
718,DAL,Actions,0.006558820341378529,-0.012386873490529686,22104.0,-70.47248827796257,-4.207494955766644,Allégé,1469474.0,0.006558820341378529,0.018945693831908215,0.020223113047689523,,0.3242342676385107,
719,DRI,Actions,0.006553758868860386,0.0017334152953764042,7490.0,4.273980231101211,6.531900325371032,Renforcé,1468340.0,0.006553758868860386,0.004820343573483982,0.010651584115923627,0.005834405121528731,0.017940050899152207,0.028917141329623974
720,BC,Actions,0.006488941669646586,-0.01470097091545089,19981.0,-74.47104819338682,-1.993499423583367,Allégé,1453818.0,0.006488941669646586,0.021189912585097476,0.012167562237876298,,,
721,KSS,Actions,0.006463661087333753,-0.03243958897714285,112260.0,-78.52223157572512,-36.79568957298902,Allégé,1448154.0,0.006463661087333753,0.038903250064476605,,,,
722,AAP,Actions,0.0062915174611611994,0.0019948556844170406,26722.0,-10.867244829886591,34.22396618619419,Allégé,1409586.0,0.0062915174611611994,0.004296661776744159,,,,
723,MGM,Actions,0.006289433062866692,,38074.0,,,Nouveau,1409119.0,0.006289433062866692,,,,,0.06661690951863283
724,WDFC,Actions,0.006269883460018844,-0.005811250861753493,6888.0,-59.06092124814264,3.57545527203198,Allégé,1404739.0,0.006269883460018844,0.012081134321772337,0.00741938246863225,,0.0011354276428182674,0.002725983993015721
725,APLS,Actions,0.006269039881265821,-0.006904444445349392,34913.0,-75.7219846319669,60.15125729198982,Allégé,1404550.0,0.006269039881265821,0.013173484326615213,,,,
726,DIOD,Actions,0.006266460047830648,,20568.0,,,Nouveau,1403972.0,0.006266460047830648,,,,,
727,MWA,Actions,0.00614031601228593,0.0022177168295083637,50044.0,10.822242398742166,15.40722983825551,Renforcé,1375710.0,0.00614031601228593,0.003922599182777566,0.0011383566110248686,0.023479220218833648,0.014001411577274468,
728,PARR,Actions,0.006138035225287014,-0.030282009422391547,21954.0,-92.27529424183248,78.25844667117894,Allégé,1375199.0,0.006138035225287014,0.03642004464767856,0.07652970114494916,0.04915897006549716,0.03516186489677664,0.042606742025920116
729,GEO,Actions,0.006035292689224319,-0.010493202052545588,80439.0,-71.3908203368129,4.280424040050779,Allégé,1352180.0,0.006035292689224319,0.016528494741769907,0.025150655004124712,,,
730,FLO,Actions,0.006035194494872116,0.002326215124419068,165909.0,77.48074454428755,-25.091901693750383,Renforcé,1352158.0,0.006035194494872116,0.0037089793704530483,0.002429371060188043,0.0007112174810472478,0.0019310602422420874,0.004611852919054496
731,BAM,Actions,0.006027111314333884,,30379.0,,,Nouveau,1350347.0,0.006027111314333884,,,0.01831919768989789,0.04936697256061901,
732,FFIV,Actions,0.006020456415282254,0.005208735407977849,4662.0,434.6330275229358,13.346994190888939,Renforcé,1348856.0,0.006020456415282254,0.0008117210073044049,0.059336652277120296,0.027255070570593586,0.03991300594393541,0.007979548048594088
733,CLF,Actions,0.006014386218964201,0.0038135821242768243,159467.0,250.90881084411586,-36.37045527164191,Renforcé,1347496.0,0.006014386218964201,0.0022008040946873766,0.004797142312710578,,,
734,PRGO,Actions,0.0060087221901939,0.0023225751739517127,125347.0,72.61860497142465,-22.844830243677773,Renforcé,1346227.0,0.0060087221901939,0.003686147016242187,,,,
735,BTU,Actions,0.005997005818624128,-0.004059244032663344,40777.0,-56.081983456832674,10.942732464355442,Allégé,1343602.0,0.005997005818624128,0.010056249851287473,0.0018194800805218644,0.0328769450008547,0.018487991284256766,0.007003758694286013
736,TIGO,Actions,0.005996992428485191,,17929.0,,,Nouveau,1343599.0,0.005996992428485191,,0.024613140370813247,0.03306925925969428,0.0037079554176224316,
737,OTTR,Actions,0.005955005416158775,,15201.0,,,Nouveau,1334192.0,0.005955005416158775,,0.002056983084588771,,0.0009418827243954634,
738,ASH,Actions,0.00595055096327244,,23974.0,,,Nouveau,1333194.0,0.00595055096327244,,0.0033008917984783215,,,
739,POOL,Actions,0.005912438164478428,-0.0021475652098743928,6547.0,-32.23970192506727,-11.549714067237204,Allégé,1324655.0,0.005912438164478428,0.008060003374352821,0.005077206964490409,,,
740,GWW,Actions,0.0058521780758828135,,1202.0,,,Nouveau,1311154.0,0.0058521780758828135,,0.0032178877714751767,,0.0009303489931300538,
741,WING,Actions,0.00580604458386561,0.004286651879326163,8394.0,380.48082427017744,-35.02034059515681,Renforcé,1300818.0,0.00580604458386561,0.0015193927045394468,0.001682949835907177,0.0021474352742683602,0.002204079342714958,0.013478322563395588
742,FNF,Actions,0.005784111536286998,,27941.0,,,Nouveau,1295904.0,0.005784111536286998,,,0.0015830934823675845,,
743,EE,Actions,0.0057690029961865496,,38675.0,,,Nouveau,1292519.0,0.0057690029961865496,,,,,
744,TDW,Actions,0.00575520222632227,0.003986721337464242,15433.0,60.74367253411103,65.41294426260443,Renforcé,1289427.0,0.00575520222632227,0.0017684808888580282,0.010409591866732099,,,
745,ITRI,Actions,0.005736357837458431,0.003550450750749231,14339.0,122.13787761425252,-3.4782739099764703,Renforcé,1285205.0,0.005736357837458431,0.0021859070867091997,0.011487108629562818,,,
746,Q,Actions,0.005716330652988501,-0.007326355390847452,11100.0,-74.65926991301966,41.310469549267914,Allégé,1280718.0,0.005716330652988501,0.013042686043835953,,,,
747,ENSG,Actions,0.0056984146470909535,0.004572725977147344,6336.0,257.5620767494357,15.671791682054659,Renforcé,1276704.0,0.0056984146470909535,0.00112568866994361,0.004560242575440523,0.0011299582032443401,0.0014228244718476563,0.0036524084834519983
748,IBP,Actions,0.0056664300685503885,-0.0035885759122555204,4788.0,-51.062959934587084,2.220568701321901,Allégé,1269538.0,0.0056664300685503885,0.009255005980805909,0.0026281866429192064,,,
749,AIT,Actions,0.005645193308196493,-0.019937593479958056,4767.0,-82.55188316679477,3.3297948079108464,Allégé,1264780.0,0.005645193308196493,0.02558278678815455,0.016169598912336727,,,
750,ABM,Actions,0.005630513252542026,0.0025899372850990477,32749.0,66.1458069098473,-8.9361720971326,Renforcé,1261491.0,0.005630513252542026,0.003040575967442978,0.005723337042453162,,,
751,ERIC,Actions,0.005563736629663796,,110606.0,,,Nouveau,1246530.0,0.005563736629663796,,,,,
752,ADPT,Actions,0.005557501288298854,-0.010165767322839633,89707.0,-66.2109073377252,-14.532033858762217,Allégé,1245133.0,0.005557501288298854,0.015723268611138486,0.008863947904178418,,,
753,PRG,Actions,0.005550132248503923,-0.0009941762343057478,43342.0,-28.775902584917752,-2.712784056193096,Allégé,1243482.0,0.005550132248503923,0.006544308482809671,0.015109553382713524,,,
754,WCN,Actions,0.005534889807014106,-0.003057372539785925,7634.0,-43.1824947901161,-7.367699314562836,Allégé,1240067.0,0.005534889807014106,0.008592262346800031,0.009252894378156204,0.00670383272410928,0.0064051597653531234,0.00556408083234491
755,ON,Actions,0.0055324260214497205,-0.005922924562487811,20018.0,-65.49215652473711,14.349052861015954,Allégé,1239515.0,0.0055324260214497205,0.011455350583937532,,,,0.19562183731135718
756,NGVT,Actions,0.005521111354048055,-0.0016873301777098884,17366.0,-48.007544684290885,20.361602097462004,Allégé,1236980.0,0.005521111354048055,0.0072084415317579436,0.004189676152182393,,,
757,ROG,Actions,0.0055158356393069236,,11514.0,,,Nouveau,1235798.0,0.0055158356393069236,,,,,
758,GH,Actions,0.0055043826071362436,-0.005033447215405606,13351.0,-52.808313597964016,-9.56530112985413,Allégé,1233232.0,0.0055043826071362436,0.01053782982254185,0.000981464153358015,0.0008123480464574132,0.0010020427780232052,0.0017569939414959679
759,NCLH,Actions,0.00548190949062051,,65679.0,,,Nouveau,1228197.0,0.00548190949062051,,,,,
760,HAFN,Actions,0.005411798723146996,0.0016599079468483644,159538.0,-17.348958171438046,42.58908350962316,Allégé,1212489.0,0.005411798723146996,0.0037518907762986316,,,,
761,AN,Actions,0.005409522399527727,,6207.0,,,Nouveau,1211979.0,0.005409522399527727,,0.018160504696085957,0.0010160169057129764,0.07030325579674143,0.07037232537615445
762,UMC,Actions,0.005372034473884103,,134029.0,,,Nouveau,1203580.0,0.005372034473884103,,,,,
763,SLM,Actions,0.005311948457094668,-0.012308283634110444,55587.0,-68.86876459617936,-20.879498160737477,Allégé,1190118.0,0.005311948457094668,0.017620232091205112,0.003544403966612566,0.036885473905011144,0.03077298786345414,0.054278623257009176
764,CRL,Actions,0.005262494210621117,-0.010780806622340836,6835.0,-69.00788972521991,-13.525130330836,Allégé,1179038.0,0.005262494210621117,0.016043300832961953,0.012201682067750165,,,
765,BP,Actions,0.005231674574168062,-0.057726866476805534,24939.0,-94.98309189919915,35.32968826675798,Allégé,1172133.0,0.005231674574168062,0.0629585410509736,0.05380811948493092,0.0632264083859866,0.1667086166628596,0.17293792815774167
766,MKC,Actions,0.005208897947836425,-0.01331434080641599,23137.0,-68.97527354644926,-25.94333949038066,Allégé,1167030.0,0.005208897947836425,0.018523238754252415,0.03121204473987583,0.002243556101235664,0.0024237630551640363,0.0014093767209242248
767,ENOV,Actions,0.005201381616513189,,51224.0,,,Nouveau,1165346.0,0.005201381616513189,,,,,0.0011899926087048879
768,ALLE,Actions,0.005183336172605918,-0.038408558433255795,7993.0,-89.35345516543236,-8.748900672010407,Allégé,1161303.0,0.005183336172605918,0.043591894605861714,0.052023926594708,0.0234744161942882,0.06643396732561001,
769,TMHC,Actions,0.005137336581978083,-0.01863276331224831,19763.0,-82.1506308649669,-1.0701607941012048,Allégé,1150997.0,0.005137336581978083,0.023770099894226394,0.04263785911248843,0.08830168609633063,0.0916072173123424,0.02192451918724143
770,SO,Actions,0.005071010760444061,-0.00604903862433717,11771.0,-66.33875718493523,10.688073928582575,Allégé,1136137.0,0.005071010760444061,0.011120049384781231,,,,
771,INDV,Actions,0.005052804634869547,,37141.0,,,Nouveau,1132058.0,0.005052804634869547,,,,,
772,SAIC,Actions,0.0050492294677734004,-0.032795895419247156,11918.0,-88.44001280347634,-5.702327536383722,Allégé,1131257.0,0.0050492294677734004,0.037845124887020555,0.02731814168009258,0.014621938114161076,0.01072062176909242,0.0009721994324717602
773,HAL,Actions,0.0049942317037799805,-0.03356479354378693,28698.0,-92.32983474586463,37.96886150687209,Allégé,1118935.0,0.0049942317037799805,0.03855902524756691,0.019713783509204986,,,0.0032161435761558902
774,MDU,Actions,0.004866918262768107,,52626.0,,,Nouveau,1090411.0,0.004866918262768107,,0.010406994685652149,0.0013344499180895522,0.015272070595363918,
775,CLX,Actions,0.004840017473643912,0.0020679085645454714,10464.0,38.79824910465579,2.776971000667139,Renforcé,1084384.0,0.004840017473643912,0.0027721089090984403,0.009386239844161539,0.003381004710509307,0.006262551627124581,0.016620714565274357
776,CTSH,Actions,0.004839370283595296,-0.058027462087663434,17673.0,-91.49109292248436,-26.084306671602388,Allégé,1084239.0,0.004839370283595296,0.06286683237125873,0.11047799563071783,0.12153646437132509,0.013729004887311266,0.0246688562544727
777,VRSN,Actions,0.004835384485571751,-0.13037135874205688,4362.0,-97.1416776425721,2.2267644760705307,Allégé,1083346.0,0.004835384485571751,0.13520674322762863,0.31676421892166157,0.269933036697424,0.19147871031581473,0.15854396462390855
778,RKLB,Actions,0.004794598122370008,-0.0062706915385922985,16727.0,-61.543590215192204,-7.941509833110228,Allégé,1074208.0,0.004794598122370008,0.011065289660962306,0.033281806112070635,,,
779,TEAM,Actions,0.004759167814743019,-0.2230134293314841,15623.0,-95.94435329789002,-57.906737224435254,Allégé,1066270.0,0.004759167814743019,0.22777259714622713,0.1554285759418577,0.23905784522901735,0.020345576183759397,
780,SNOW,Actions,0.004725629980085775,-0.011182233893438843,7020.0,-64.69878306346173,-31.245467889784173,Allégé,1058756.0,0.004725629980085775,0.01590786387352462,0.02807305956464858,,,
781,PLD,Actions,0.004610023983884383,0.0022259666338943444,7814.0,52.58738527631323,3.5406808098303877,Renforcé,1032855.0,0.004610023983884383,0.002384057349990039,0.0016692823173733162,0.002126000692879176,0.003913191809411619,0.00370343764058891
782,KMX,Actions,0.004565077750852915,-0.004539163945048759,24598.0,-61.928494041170104,7.608729727333952,Allégé,1022785.0,0.004565077750852915,0.009104241695901674,,,,
783,HLNE,Actions,0.004540417578310825,0.002003765270710299,10234.0,97.60571538907125,-25.992026575488335,Renforcé,1017260.0,0.004540417578310825,0.002536652307600526,0.006461320366211834,,,0.003587372670874542
784,TSN,Actions,0.00449199883591506,0.0008326336132081806,15708.0,-8.236943568173851,9.297233413668792,Allégé,1006412.0,0.00449199883591506,0.0036593652227068793,0.006864588550639544,0.0035890298640630105,0.010718598958621093,0.03235155490432586
785,AVTR,Actions,0.004486406221219088,,128209.0,,,Nouveau,1005159.0,0.004486406221219088,,,,,
786,CCI,Actions,0.004415251022908498,0.003425163416529279,12166.0,298.23240589198036,-8.50690079132772,Renforcé,989217.0,0.004415251022908498,0.0009900876063792194,0.003703846597557019,,,
787,NEOG,Actions,0.004412974699289228,,106427.0,,,Nouveau,988707.0,0.004412974699289228,,0.013080602617594028,,,0.0013008262874674846
788,GPC,Actions,0.0043353431371128326,-0.0006450967759672214,9185.0,-17.30440262897272,-13.996417097132518,Allégé,971314.0,0.0043353431371128326,0.004980439913080054,0.0009582893067984508,,,
789,PAGS,Actions,0.004327670587502,-0.02001411338400687,96766.0,-86.02491558567223,3.9418669346944046,Allégé,969595.0,0.004327670587502,0.024341783971508872,0.009971334208087008,,,
790,RAMP,Actions,0.004318569756404566,-0.011450221339578862,36484.0,-75.2192193008076,-9.703749711825715,Allégé,967556.0,0.004318569756404566,0.015768791095983427,0.017581580106219196,0.001185839778435487,0.0017081706535643697,
791,BEN,Actions,0.004291432408159152,-0.0018968649346599309,40706.0,-42.69262716278808,-1.1301750870643668,Allégé,961476.0,0.004291432408159152,0.006188297342819083,,,,
792,SEDG,Actions,0.004288241091712528,-0.0038787107656209543,18820.0,-75.75554582227603,76.94974793593241,Allégé,960761.0,0.004288241091712528,0.008166951857333482,,,,
793,LUMN,Actions,0.004278778726863799,-0.012592547770115026,137934.0,-76.83405075770426,-10.55343680502795,Allégé,958641.0,0.004278778726863799,0.016871326496978825,,,0.005585109616593082,
794,ATRC,Actions,0.004268062152334647,,33517.0,,,Nouveau,956240.0,0.004268062152334647,,,,,
795,RCI,Actions,0.004198647672085851,,24511.0,,,Nouveau,940688.0,0.004198647672085851,,,,,
796,WU,Actions,0.004175991557004648,-0.0284565590123212,107172.0,-88.84968844840125,-6.22981972499489,Allégé,935612.0,0.004175991557004648,0.03263255056932585,0.025056890107699806,0.014156915798652072,0.024002232942250033,0.02467055722637726
797,UPS,Actions,0.00416800657081862,-0.009760819878561802,9492.0,-75.3499363752045,-0.8166017602946662,Allégé,933823.0,0.00416800657081862,0.013928826449380422,,,,
798,MKTX,Actions,0.00412955455517154,-0.004635633427201851,5608.0,-57.71057989593545,-8.976526515495319,Allégé,925208.0,0.00412955455517154,0.008765187982373392,,,,
799,QTWO,Actions,0.004098850966589271,-0.003694603544326362,19415.0,-34.444219340896815,-34.45126869699256,Allégé,918329.0,0.004098850966589271,0.007793454510915633,0.015600569464865075,,,
800,LCII,Actions,0.004072887487190657,0.002310420102899584,7420.0,86.29173989455184,1.3516646527872433,Renforcé,912512.0,0.004072887487190657,0.0017624673842910727,,,,
801,SBS,Actions,0.004065179230542658,,29852.0,,,Nouveau,910785.0,0.004065179230542658,,,,,
802,PTEN,Actions,0.004062987711136655,-0.0018252397652255559,84053.0,-68.1934285162887,77.25040342812042,Allégé,910294.0,0.004062987711136655,0.005888227476362211,0.00042923216059349725,,,
803,WTM,Actions,0.004059626786263498,,414.0,,,Nouveau,909541.0,0.004059626786263498,,,,,
804,RYN,Actions,0.004047508710525619,,43978.0,,,Nouveau,906826.0,0.004047508710525619,,0.003943104559578402,,,
805,AEIS,Actions,0.004037376838730046,0.00033506009583541413,2803.0,-42.19426685914622,54.133827646683976,Allégé,904556.0,0.004037376838730046,0.003702316742894632,0.006313680610974609,,,
806,QLYS,Actions,0.004006949979685805,-0.0074337953369438695,10219.0,-56.71015843429637,-33.897670035818614,Allégé,897739.0,0.004006949979685805,0.011440745316629674,0.007734209390251427,0.0014441599631035554,,0.011883727882901107
807,CINF,Actions,0.003962450084618901,-0.012599678709680439,5642.0,-79.7108745684695,-3.6553772175903276,Allégé,887769.0,0.003962450084618901,0.01656212879429934,0.0061802724678994714,,,
808,ARGX,Actions,0.0039568931769600945,,1214.0,,,Nouveau,886524.0,0.0039568931769600945,,,,,
809,DAN,Actions,0.00395006866948193,,26300.0,,,Nouveau,884995.0,0.00395006866948193,,0.002301944659962204,,,
810,EVTC,Actions,0.003944708150527532,,31318.0,,,Nouveau,883794.0,0.003944708150527532,,,,0.0010343103166197151,0.0010225500347788188
811,WPM,Actions,0.0039020203875967524,,6673.0,,,Nouveau,874230.0,0.0039020203875967524,,,,,
812,HIMS,Actions,0.0038511244694976647,0.0030859579796594554,41562.0,543.175487465181,-36.064025363251275,Renforcé,862827.0,0.0038511244694976647,0.0007651664898382096,0.0279473058587231,0.12024883251612305,0.10240076232682087,0.001283770720122533
813,HOLX,Actions,0.0038134847889460897,0.00016037375685917917,11303.0,-15.95032718619869,1.476686976058117,Allégé,854394.0,0.0038134847889460897,0.0036531110320869105,0.006231957546585559,0.0019223358672294446,0.009133601688550432,0.017781006645683387
814,OSIS,Actions,0.0038088205572164085,,3214.0,,,Nouveau,853349.0,0.0038088205572164085,,,,,
815,LULU,Actions,0.003791190207616181,0.001655615680053811,5548.0,96.87721788502483,-26.326968747721235,Renforcé,849399.0,0.003791190207616181,0.00213557452756237,0.01335398040948928,,,0.06775218676693592
816,OI,Actions,0.003790667992197643,-0.002454566189192621,80807.0,-30.35440332339303,-28.794011867046322,Allégé,849282.0,0.003790667992197643,0.006245234181390264,0.006176272887382684,,,
817,VFC,Actions,0.0037720021385196294,-0.030999423274701572,49741.0,-90.56813786094067,-6.028717837133102,Allégé,845100.0,0.0037720021385196294,0.0347714254132212,0.005400409109561979,,,
818,AMH,Actions,0.003766940666001488,,30228.0,,,Nouveau,843966.0,0.003766940666001488,,,,,
819,EXC,Actions,0.003689974147392291,0.0005503121080337558,16865.0,-14.611918383879296,12.456956494705974,Allégé,826722.0,0.003689974147392291,0.003139662039358535,,,,
820,WMG,Actions,0.0036872738027066863,,32346.0,,,Nouveau,826117.0,0.0036872738027066863,,,,,
821,MUR,Actions,0.0036579851054720797,,19868.0,,,Nouveau,819555.0,0.0036579851054720797,,,,,
822,MEOH,Actions,0.003602237493698195,,13555.0,,,Nouveau,807065.0,0.003602237493698195,,,,,
823,PSA,Actions,0.003584803532802375,0.002852341172106954,2965.0,283.0749354005168,4.385330461030601,Renforcé,803159.0,0.003584803532802375,0.0007324623606954208,,,,
824,TAC,Actions,0.0035062257341411064,0.0009128590402305171,59942.0,6.749536971078501,3.4792101054897717,Renforcé,785554.0,0.0035062257341411064,0.0025933666939105893,0.004888870204366892,0.004942437729561137,,0.01995153390767539
825,O,Actions,0.003478633121171838,0.0023272493916898594,12739.0,127.44152829851811,8.533031978960093,Renforcé,779372.0,0.003478633121171838,0.0011513837294819785,0.0008427558805676822,,0.0009923045230247761,
826,MMS,Actions,0.0034664213144614017,-0.013949234925199092,12116.0,-78.10031631269769,-25.741389001162997,Allégé,776636.0,0.0034664213144614017,0.017415656239660494,0.00410790607999099,0.0018164658149671356,0.003988740996831544,
827,ACLS,Actions,0.003448661526851451,,8301.0,,,Nouveau,772657.0,0.003448661526851451,,0.000850649274045965,,,0.004381639438537101
828,BFH,Actions,0.0034382261452399745,-0.011221928522980002,10286.0,-81.0581367511924,1.1617538803208038,Allégé,770319.0,0.0034382261452399745,0.014660154668219978,0.009938142782309593,,,
829,FUL,Actions,0.003431905999661766,-0.00463982170287951,12466.0,-66.5117528542646,3.733642044253682,Allégé,768903.0,0.003431905999661766,0.008071727702541276,0.003777731110903865,,,
830,MTX,Actions,0.003401568408210437,0.0023184483488247858,10746.0,120.52123948286477,16.35775848181742,Renforcé,762106.0,0.003401568408210437,0.0010831200593856515,,,0.004003694020109264,0.0027799061778393704
831,TSLA,Actions,0.00334673132588426,,2017.0,,,Nouveau,749820.0,0.00334673132588426,,,0.024874174224397378,0.03877389919858558,0.2843758279025128
832,PCVX,Actions,0.0033466108146338286,,12903.0,,,Nouveau,749793.0,0.0033466108146338286,,0.0016727608947473688,,,
833,HAYW,Actions,0.0033437230080031076,,55990.0,,,Nouveau,749146.0,0.0033437230080031076,,,,,
834,TXG,Actions,0.0033260837316435882,-0.007245292621226595,35101.0,-80.25082426547537,30.165481781843685,Allégé,745194.0,0.0033260837316435882,0.010571376352870183,,,,
835,GNW,Actions,0.0032582135807521797,-0.0020191855138874666,89900.0,-43.9036565580931,-10.07753180738944,Allégé,729988.0,0.0032582135807521797,0.005277399094639646,0.0044299761204892475,0.0016401811057023834,0.0015304880952366725,
836,AVA,Actions,0.0032411857874041117,,18091.0,,,Nouveau,726173.0,0.0032411857874041117,,0.0008100345328137876,,,
837,RBLX,Actions,0.0032353833938647963,-0.002878742530283994,12816.0,-38.06002609830361,-30.19869923161678,Allégé,724873.0,0.0032353833938647963,0.00611412592414879,0.048688813116117384,,,
838,SPB,Actions,0.003203983518057808,,9740.0,,,Nouveau,717838.0,0.003203983518057808,,,,,
839,VICI,Actions,0.0031838402857170926,-0.013628817162460529,26110.0,-84.07451006703222,-2.844974924600041,Allégé,713325.0,0.0031838402857170926,0.01681265744817762,0.004561981864127549,,,
840,GL,Actions,0.003182867268954345,-0.03104664255563208,5124.0,-92.36500178805579,-0.4933582641053813,Allégé,713107.0,0.003182867268954345,0.034229509824586425,0.12765812127021675,0.10694518166148426,0.052661309631590686,0.040507761035008215
841,TECK,Actions,0.0031538106674613114,,13655.0,,,Nouveau,706597.0,0.0031538106674613114,,,,,
842,NXE,Actions,0.003122357231098576,-0.007517545358471223,60306.0,-80.98406351889108,26.087019974713144,Allégé,699550.0,0.003122357231098576,0.010639902589569799,0.034263317273231,0.036104261261967946,0.05070752060838752,0.05675463773733293
843,VTR,Actions,0.0031179608021476334,0.0023159875799902705,8542.0,200.56298381421533,5.686240916973095,Renforcé,698565.0,0.0031179608021476334,0.0008019732221573627,,,0.00681852294095819,0.0030372389274012247
844,MSTR,Actions,0.0031015400284313704,-0.002436383484803372,5568.0,-44.286571943165896,-17.867750697343197,Allégé,694886.0,0.0031015400284313704,0.005537923513234742,0.012614414489718092,0.011680935262187287,0.008310735379340628,
845,KKR,Actions,0.003091930372054335,-0.018959601815247275,7489.0,-84.21174684825232,-27.439542155888663,Allégé,692733.0,0.003091930372054335,0.02205153218730161,0.027882486016596476,0.0019446054050257721,0.0023889902008461584,0.00471037632945118
846,EYE,Actions,0.003065404506820372,0.0016195887993354417,26517.0,72.69293389775318,0.3098188195844065,Renforcé,686790.0,0.003065404506820372,0.0014458157074849303,0.011222419446468972,,,
847,RRX,Actions,0.0030498808724128803,,3649.0,,,Nouveau,683312.0,0.0030498808724128803,,,,,
848,DGX,Actions,0.0030362006137990326,0.0008099312053511639,3471.0,-1.335986355884025,12.937228911579579,Allégé,680247.0,0.0030362006137990326,0.0022262694084478687,0.0042150917039874055,0.002732304086246207,0.02297535042279682,0.015140598503337965
849,NEO,Actions,0.0030200565696207986,,91190.0,,,Nouveau,676630.0,0.0030200565696207986,,,,,0.0010878105040229159
850,TFPM,Actions,0.002979185402205789,,19230.0,,,Nouveau,667473.0,0.002979185402205789,,,,,
851,LYB,Actions,0.0028654138550387497,,7969.0,,,Nouveau,641983.0,0.0028654138550387497,,,,,0.016855847568308185
852,SPG,Actions,0.002850666848689597,0.0019582503719748857,3424.0,159.00151285930409,0.7673285689379972,Renforcé,638679.0,0.002850666848689597,0.0008924164767147114,0.008255142021283201,,0.0015865097384505985,0.000930885529959567
853,TXRH,Actions,0.0027994406404967323,-0.0021142818280396863,3798.0,-53.209313785881484,-0.518027877703553,Allégé,627202.0,0.0027994406404967323,0.004913722468536419,0.018951156345063246,0.0028294776843355613,0.022076716870909865,0.04010546513267413
854,VRRM,Actions,0.0027848989496112786,-0.00038386057485322294,43663.0,12.60896477020684,-36.23382682829551,Renforcé,623944.0,0.0027848989496112786,0.0031687595244645015,,,0.0017904238802757316,0.0025137751396390852
855,HEIA,Actions,0.0027549184285316003,,2924.0,,,Nouveau,617227.0,0.0027549184285316003,,,,,
856,APTV,Actions,0.0027048214553890794,-0.10470784645905802,8727.0,-97.74553213914822,-8.739632900420114,Allégé,606003.0,0.0027048214553890794,0.1074126679144471,0.07617671172245384,,,0.011310958834056277
857,EXR,Actions,0.0026969837607313577,,4608.0,,,Nouveau,604247.0,0.0026969837607313577,,,,,
858,MAT,Actions,0.002679915796966479,,41323.0,,,Nouveau,600423.0,0.002679915796966479,,,,,
859,CALY,Actions,0.0026616293305583437,,42963.0,,,Nouveau,596326.0,0.0026616293305583437,,,,,
860,INVH,Actions,0.002621807057360057,-0.015248078465712384,23638.0,-86.59445358135315,-10.579396231706873,Allégé,587404.0,0.002621807057360057,0.01786988552307244,,,,
861,CVX,Actions,0.0026106575350052803,,2827.0,,,Nouveau,584906.0,0.0026106575350052803,,,,0.3749171155265163,0.00455284157300695
862,IPGP,Actions,0.0025961649412959286,,5076.0,,,Nouveau,581659.0,0.0025961649412959286,,,,,
863,TTAN,Actions,0.0025602615154265026,0.0014479418617002727,9039.0,215.60754189944134,-40.413139307133875,Renforcé,573615.0,0.0025602615154265026,0.00111231965372623,,,,
864,IMCR,Actions,0.0025474292989453237,0.0012877149650570472,18930.0,90.21302250803859,-13.13736839362073,Renforcé,570740.0,0.0025474292989453237,0.0012597143338882765,,,,
865,AGCO,Actions,0.002534659569779184,-0.0027814680988453434,4901.0,-64.9277229139831,11.071703498988184,Allégé,567879.0,0.002534659569779184,0.005316127668624528,,,,
866,AZTA,Actions,0.002530651454857411,-0.003277011835396137,26833.0,-43.96015204043273,-36.470254244840085,Allégé,566981.0,0.002530651454857411,0.005807663290253548,,,,
867,HYG,Actions,0.0025287143480912087,0.000372240248258843,7121.0,-2.9042814289610033,-1.3269376029412805,Allégé,566547.0,0.0025287143480912087,0.0021564740998323657,0.0023325545739271186,0.0023858254125224358,0.002684301971765647,0.00264461701622248
868,PTGX,Actions,0.002482040787136884,,5276.0,,,Nouveau,556090.0,0.002482040787136884,,,,,
869,NOMD,Actions,0.0024790056889778577,-0.0027467808343239327,57795.0,-49.54516883751789,-23.1814221892932,Allégé,555410.0,0.0024790056889778577,0.00522578652330179,0.009772115141718989,,,
870,CECO,Actions,0.0024699405649175883,,9288.0,,,Nouveau,553379.0,0.0024699405649175883,,,,,
871,MAA,Actions,0.0024664323485161254,,4525.0,,,Nouveau,552593.0,0.0024664323485161254,,,,,
872,AVB,Actions,0.00241694239500541,,3315.0,,,Nouveau,541505.0,0.00241694239500541,,,,,0.0016136400640296773
873,MTRN,Actions,0.0023642879053259445,,3662.0,,,Nouveau,529708.0,0.0023642879053259445,,,,,
874,KAI,Actions,0.002353981961724191,-0.004990410722402526,1804.0,-74.46928955561846,2.5716878543432076,Allégé,527399.0,0.002353981961724191,0.007344392684126717,0.00271378393368544,,,
875,UDR,Actions,0.002347987642860114,,15573.0,,,Nouveau,526056.0,0.002347987642860114,,,,,
876,ALGM,Actions,0.0023424575154791815,,16645.0,,,Nouveau,524817.0,0.0023424575154791815,,,0.010663260544477518,,
877,XYL,Actions,0.002305777461551416,-0.01735672319733121,4323.0,-89.08140327835729,-12.248413938952396,Allégé,516599.0,0.002305777461551416,0.01966250065888263,0.004020361882744008,,0.0010907263150860787,0.0013202567967169213
878,GT,Actions,0.0022840765097143765,,77185.0,,,Nouveau,511737.0,0.0022840765097143765,,,,,
879,CZR,Actions,0.002283255247859581,,19355.0,,,Nouveau,511553.0,0.002283255247859581,,,,,
880,CAVA,Actions,0.002269075090725423,0.0008079028837065629,6284.0,-7.953713197597774,37.8428845588771,Allégé,508376.0,0.002269075090725423,0.0014611722070188601,0.0015770020840393654,0.002122761707396392,0.0031795147398825216,0.00581142782231609
881,ESS,Actions,0.0022639689844108253,,2096.0,,,Nouveau,507232.0,0.0022639689844108253,,,,,
882,APO,Actions,0.002244356894247939,,4513.0,,,Nouveau,502838.0,0.002244356894247939,,,,,0.009865957984564773
883,FOXA,Actions,0.002242732224056931,,8604.0,,,Nouveau,502474.0,0.002242732224056931,,0.03508781845721864,0.2668266761743833,0.2371981937176939,0.09560284163654811
884,WPC,Actions,0.002242223398777329,-0.005668051370050891,7392.0,-78.06723437082752,5.593472990061499,Allégé,502360.0,0.002242223398777329,0.00791027476882822,,0.0011144086527634775,,
885,EQR,Actions,0.0022284985063670253,,8441.0,,,Nouveau,499285.0,0.0022284985063670253,,,,,
886,FDX,Actions,0.0022272621502051866,,1401.0,,,Nouveau,499008.0,0.0022272621502051866,,0.03984286136560608,,0.008360433420094878,
887,FRMI,Actions,0.00218765411922989,-0.010967982971878542,83927.0,-81.3882679582025,-26.999952339533163,Allégé,490134.0,0.00218765411922989,0.013155637091108433,,,,
888,BFB,Actions,0.002171532391949884,0.00018151093156817,18401.0,-12.125119388729704,1.4581560590662512,Allégé,486522.0,0.002171532391949884,0.001990021460381714,0.002181130690600554,0.0021995413944011183,0.003999736549164214,0.010735576432150527
889,IRM,Actions,0.00213994505419778,,4694.0,,,Nouveau,479445.0,0.00213994505419778,,,,,0.0009994837553937513
890,R,Actions,0.00211155795965159,-0.0013230684844332294,2311.0,-53.03800040642146,6.959675799500098,Allégé,473085.0,0.00211155795965159,0.0034346264440848194,0.006904866402621532,,,
891,JBS,Actions,0.002107786403851035,,26294.0,,,Nouveau,472240.0,0.002107786403851035,,,,,
892,TEX,Actions,0.002103956824115087,-0.004686701127470544,7976.0,-77.13564958147,10.715713022464058,Allégé,471382.0,0.002103956824115087,0.006790657951585631,,,0.04172208514738822,
893,CWEN,Actions,0.0021001852683145317,-0.005253090919223406,11976.0,-80.2457731958763,18.129904998975398,Allégé,470537.0,0.0021001852683145317,0.007353276187537938,0.010810341216417113,0.0011432206992186792,,
894,BIO,Actions,0.0020951773563521376,,1684.0,,,Nouveau,469415.0,0.0020951773563521376,,0.011677936803210994,,,
895,REG,Actions,0.0020900221528614383,,6189.0,,,Nouveau,468260.0,0.0020900221528614383,,,,,
896,AEG,Actions,0.002041041024630324,,62987.0,,,Nouveau,457286.0,0.002041041024630324,,,,,
897,PBF,Actions,0.002026628771754594,-0.0018248367420823789,9535.0,-75.51549700844824,75.59011311678383,Allégé,454057.0,0.002026628771754594,0.003851465513836973,0.02176574067625895,0.02386647058030335,0.0023178995475155585,
898,DOC,Actions,0.0020191615376074596,,27534.0,,,Nouveau,452384.0,0.0020191615376074596,,,,0.0012544301395832533,0.00203108424445723
899,FG,Actions,0.0020128726356867708,,17811.0,,,Nouveau,450975.0,0.0020128726356867708,,,,,
900,MPT,Actions,0.0019997726164268544,,96769.0,,,Nouveau,448040.0,0.0019997726164268544,,,,,
901,AMTM,Actions,0.0019849363424847893,5.4783714410965804e-05,17052.0,-6.5695030409292645,-10.068997872633002,Allégé,444716.0,0.0019849363424847893,0.0019301526280738235,,,,
902,PYPL,Actions,0.0019824502400221746,-0.7068203839219817,9820.0,-99.70504407668734,-22.524767428768875,Allégé,444159.0,0.0019824502400221746,0.7088028341620038,0.7414130012663274,0.9435622404603782,1.0883995170282788,0.9228809808333568
903,PRLB,Actions,0.00195712056053324,,7690.0,,,Nouveau,438484.0,0.00195712056053324,,,,,
904,COO,Actions,0.001950211248841809,8.036506408135502e-05,6111.0,-2.317774936061381,-12.762463746650754,Allégé,436936.0,0.001950211248841809,0.001869846184760454,0.0018421300066218307,0.0018702983183958237,0.003324428696469436,0.009203509662261005
905,IOSP,Actions,0.0019392000912560462,,5950.0,,,Nouveau,434469.0,0.0019392000912560462,,,,,
906,PCG,Actions,0.0019237612610618214,,24531.0,,,Nouveau,431010.0,0.0019237612610618214,,,,0.09551802443234517,0.06861523515322993
907,CAG,Actions,0.0019228551949937592,7.795283754560172e-05,27405.0,-6.230753438718948,-9.185346849964738,Allégé,430807.0,0.0019228551949937592,0.0018449023574481575,0.007561722094154279,0.0019068226192010661,0.0029719864481556374,0.0035657185191083573
908,MSA,Actions,0.0019216322289708572,,2626.0,,,Nouveau,430533.0,0.0019216322289708572,,,,,
909,ESTC,Actions,0.0019112816515726478,-0.07389650314502333,8566.0,-96.89134213744724,-33.735470469610426,Allégé,428214.0,0.0019112816515726478,0.07580778479659597,0.0759135424583027,0.022185864676956556,,
910,SAM,Actions,0.0019034975174706736,-0.00177045109199379,1851.0,-64.14875072632191,18.075040922756756,Allégé,426470.0,0.0019034975174706736,0.0036739486094644635,0.008965257552880827,,,0.002768595402398511
911,HLIO,Actions,0.001884296058235185,,6524.0,,,Nouveau,422168.0,0.001884296058235185,,,,,
912,NPO,Actions,0.0018559982312819079,,1659.0,,,Nouveau,415828.0,0.0018559982312819079,,,,,
913,SKM,Actions,0.0018523471867317848,,14169.0,,,Nouveau,415010.0,0.0018523471867317848,,,,,
914,PATH,Actions,0.001845098658187286,-0.1311206641376926,37242.0,-98.3259088109826,-32.275810864698215,Allégé,413386.0,0.001845098658187286,0.1329657627958799,0.13080494107916935,0.12382294610582076,0.11178876490845557,0.06684249232091946
915,ERIE,Actions,0.0018193851280488274,-0.0017316458434933754,1622.0,-52.25198704739476,-12.328580541305445,Allégé,407625.0,0.0018193851280488274,0.0035510309715422027,,,,
916,OMC,Actions,0.0017966531355136472,-0.23824112293435673,5345.0,-99.34428119970164,-6.7368305206972785,Allégé,402532.0,0.0017966531355136472,0.24003777606987037,0.24191190893999145,0.13661735825782442,0.15576563884454867,0.09055220673856514
917,HE,Actions,0.0017593080380186837,,26561.0,,,Nouveau,394165.0,0.0017593080380186837,,,,,
918,MSGS,Actions,0.0017558667723119052,,1224.0,,,Nouveau,393394.0,0.0017558667723119052,,,,,
919,PRMB,Actions,0.001742936361478523,0.0003713941818984964,20738.0,-9.846541755423207,15.168346696243095,Allégé,390497.0,0.001742936361478523,0.0013715421795800265,0.002036620871536605,0.015605875752695248,0.03740877585937988,
920,TAP,Actions,0.0017401155055424865,-0.005980695578463651,9054.0,-80.03748208576783,-7.7549665215113865,Allégé,389865.0,0.0017401155055424865,0.007720811084006138,0.005267592481333104,0.01653723937282019,0.03205406713915506,0.015872218154817347
921,WWW,Actions,0.0017381650086373474,,23862.0,,,Nouveau,389428.0,0.0017381650086373474,,0.011659999409296823,,,
922,KIM,Actions,0.00172893473953019,,17239.0,,,Nouveau,387360.0,0.00172893473953019,,,,,
923,CRH,Actions,0.0017059751146330832,-0.024467714167461227,3636.0,-93.67762128325509,-15.769301289103266,Allégé,382216.0,0.0017059751146330832,0.02617368928209431,0.009860125499672627,0.008383994930814598,0.037584287144082386,0.03612177059286618
924,MMSI,Actions,0.001694289986720831,,5507.0,,,Nouveau,379598.0,0.001694289986720831,,,,0.0011966686937850439,0.0029422550057116113
925,TW,Actions,0.0016941694754703989,,3226.0,,,Nouveau,379571.0,0.0016941694754703989,,,,,
926,HRL,Actions,0.0016871842863249924,-0.010557095065048252,16689.0,-88.21980659278606,-4.430341822969874,Allégé,378006.0,0.0016871842863249924,0.012244279351373245,0.008057172578994375,0.002007174698685731,0.003117948925766679,0.0075385011636794905
927,NWL,Actions,0.0016838947755261652,-0.0006587390460369182,109991.0,-36.30541158757275,-7.7957019899144715,Allégé,377269.0,0.0016838947755261652,0.0023426338215630834,0.002200200189088039,,,0.0030323790076738997
928,WEN,Actions,0.0016735263446093728,-0.00098544553253926,53949.0,-38.365836103780374,-16.566500197556188,Allégé,374946.0,0.0016735263446093728,0.002658971877148633,0.0034879710998889217,,,
929,CHDN,Actions,0.0016619170941510962,,4145.0,,,Nouveau,372345.0,0.0016619170941510962,,0.011260339073699631,,,
930,HUBS,Actions,0.0016506113535087223,-0.09440839948115738,1515.0,-97.69192096162342,-39.172607213327794,Allégé,369812.0,0.0016506113535087223,0.0960590108346661,0.04673661042297136,0.040535310376985705,,
931,BROS,Actions,0.001645210664137513,0.0005461287433270192,7276.0,47.79605931342677,-17.249284391870965,Renforcé,368602.0,0.001645210664137513,0.0010990819208104938,,,,
932,EBAY,Actions,0.0016294951044052595,-0.034159445184963555,4011.0,-96.44017253314873,4.500515339461764,Allégé,365081.0,0.0016294951044052595,0.03578894028936881,0.3794556261041219,0.5703617227225292,0.41869687678902046,0.5057831109498453
933,MSM,Actions,0.0016185151904770164,-0.0012916891649170437,3930.0,-58.58362314258615,9.714581441636305,Allégé,362621.0,0.0016185151904770164,0.00291020435539406,,,,
934,TXT,Actions,0.0016042903995464022,-0.044196682795764615,4105.0,-97.15086862068726,0.4474609600780166,Allégé,359434.0,0.0016042903995464022,0.04580097319531102,0.012967897494138111,,0.006118774341559398,0.014768058147258923
935,NKE,Actions,0.0015894630523636284,-0.011363676839476209,6742.0,-87.90716028124551,-17.093182313898826,Allégé,356112.0,0.0015894630523636284,0.012953139891839837,,,,
936,FSK,Actions,0.0015763987401408773,,34694.0,,,Nouveau,353185.0,0.0015763987401408773,,,,,
937,HTZ,Actions,0.0015425752491863135,-0.0013108928393474094,74969.0,-50.753131753716396,-10.311268430839625,Allégé,345607.0,0.0015425752491863135,0.002853468088533723,0.010530758394611388,,,
938,PUMP,Actions,0.0015268284457965401,,23739.0,,,Nouveau,342079.0,0.0015268284457965401,,,,,
939,BCE,Actions,0.0015238469081932612,-0.0008991541745260196,13573.0,-51.207851031706085,5.312747842248711,Allégé,341411.0,0.0015238469081932612,0.002423001082719281,0.001705141435934211,,,0.0014504430426201202
940,MASI,Actions,0.0015076180598017606,0.0007397310882128241,1899.0,17.294626312538604,36.759995235712715,Renforcé,337775.0,0.0015076180598017606,0.0007678869715889365,0.000990693351886469,0.0011161874729352184,0.0016370800002337702,0.008632922992463541
941,BLDR,Actions,0.0014926612746092634,,4062.0,,,Nouveau,334424.0,0.0014926612746092634,,0.01297820787212066,0.001232714311804645,0.1725971617685724,
942,WHD,Actions,0.0014493531019077418,,6855.0,,,Nouveau,324721.0,0.0014493531019077418,,,,0.035807674976589085,
943,LW,Actions,0.0014439033153604308,0.000176888171197415,7655.0,-7.704364600916325,0.8830734171312304,Allégé,323500.0,0.0014439033153604308,0.0012670151441630158,0.045546553063992946,0.0016264991147215567,0.0025423248019410035,0.024063145202570482
944,HUBG,Actions,0.001437123441678723,,8934.0,,,Nouveau,321981.0,0.001437123441678723,,,,,
945,ADBE,Actions,0.0014234654999631033,-1.6259661614073457,1312.0,-99.89710247793232,-30.54657826425783,Allégé,318921.0,0.0014234654999631033,1.627389626907309,1.7448356625460966,1.1383972568947565,1.037930349373938,0.48065512982603825
946,TECH,Actions,0.0013941723393488515,,5977.0,,,Nouveau,312358.0,0.0013941723393488515,,0.00896655026744551,,,
947,DOV,Actions,0.0013704673300509247,-0.010657945805836344,1473.0,-91.2809281401681,6.76606946631757,Allégé,307047.0,0.0013704673300509247,0.012028413135887268,0.03324813285631911,0.0017168760869846456,0.0023750949775396815,0.002182970490425928
948,WBD,Actions,0.0013418347496242256,-0.04190495981731684,10948.0,-97.33938622157848,-4.718971495962176,Allégé,300632.0,0.0013418347496242256,0.04324679456694106,,,,
949,EXTR,Actions,0.0013133092903090217,,19512.0,,,Nouveau,294241.0,0.0013133092903090217,,,,,
950,AEHR,Actions,0.0013029988833276227,,7873.0,,,Nouveau,291931.0,0.0013029988833276227,,0.0009900744158221667,,,
951,PSMT,Actions,0.0012957860618202888,-0.0016115264141792318,1929.0,-70.3185105400831,22.687145592698354,Allégé,290315.0,0.0012957860618202888,0.0029073124759995206,0.0008042094826389952,,0.0009688102289266128,0.0023428022466658086
952,WCC,Actions,0.001262792759479812,,1034.0,,,Nouveau,282923.0,0.001262792759479812,,0.0031268062371012026,,,
953,ROCK,Actions,0.0012542275339398532,0.00014180212422063238,7048.0,14.230145867098864,-19.356780113702364,Renforcé,281004.0,0.0012542275339398532,0.0011124254097192208,0.0008696365088793335,,,
954,MOH,Actions,0.0012416988272745772,-0.016018882659077714,2087.0,-92.34802375889124,-23.18776595724057,Allégé,278197.0,0.0012416988272745772,0.017260581486352292,0.03452214615029829,0.04002206227015395,0.012662635808405156,0.04280268848752994
955,BAX,Actions,0.0012046304593176427,-0.013485927233507982,16065.0,-92.37903225806451,-12.087912087912079,Allégé,269892.0,0.0012046304593176427,0.014690557692825625,0.01610100669407135,0.0020690098760843363,0.003451559550908194,0.00736745491342731
956,EQX,Actions,0.001175475663472405,,18213.0,,,Nouveau,263360.0,0.001175475663472405,,,,0.0007367020062889719,
957,CWT,Actions,0.0011678745279359018,,5771.0,,,Nouveau,261657.0,0.0011678745279359018,,,,,
958,LOPE,Actions,0.001148985505275607,-0.004843765359745235,1514.0,-84.67766420402793,2.2366267636559245,Allégé,257425.0,0.001148985505275607,0.005992750865020842,0.03768984525812892,0.03824565016109471,0.049986281967467655,0.04959947420422101
959,BFAM,Actions,0.0011473876153624725,-0.01668679614317965,3130.0,-93.51012876070413,-19.003919890278976,Allégé,257067.0,0.0011473876153624725,0.01783418375854212,0.016001604778681063,0.001542898600255575,0.002088240966916589,0.002094918831592649
960,CPB,Actions,0.0011436919370158931,-0.0048932321122496635,11506.0,-80.62897740664668,-20.093159225077972,Allégé,256239.0,0.0011436919370158931,0.006036924049265557,0.009951512584761889,0.001355481138895575,0.002657917285640794,0.006698555735410008
961,GNTX,Actions,0.0011349928100865656,-0.10909119295485242,11638.0,-99.10402281285101,-6.102389660552432,Allégé,254290.0,0.0011349928100865656,0.11022618576493899,0.10557847032448449,0.10535435575673747,0.09378127462166297,0.02688857874162904
962,LLYVK,Actions,0.0011328727047548925,,2697.0,,,Nouveau,253815.0,0.0011328727047548925,,,,,
963,KNX,Actions,0.0011323460259567086,,4406.0,,,Nouveau,253697.0,0.0011323460259567086,,,,0.020886093411171012,0.00531711896808797
964,VIAV,Actions,0.001129212733445478,,7602.0,,,Nouveau,252995.0,0.001129212733445478,,,,,
965,EXPE,Actions,0.0011222677147168822,-0.6423141583608668,1089.0,-99.82513973567036,-18.50276841297056,Allégé,251439.0,0.0011222677147168822,0.6434364260755837,0.6127689148456774,0.5773560194361786,0.7001925227867243,0.7297886446283036
966,MQ,Actions,0.00111570654663781,-0.008297349942313554,61267.0,-88.72551816022069,-14.10539518069024,Allégé,249969.0,0.00111570654663781,0.009413056488951365,0.000994457893391496,,,
967,FSV,Actions,0.001098892995512732,,1772.0,,,Nouveau,246202.0,0.001098892995512732,,,,,
968,FICO,Actions,0.0010816197162841544,-0.0322848883846725,227.0,-95.80561714708055,-36.85500576370456,Allégé,242332.0,0.0010816197162841544,0.033366508100956656,0.016584677807105395,,,0.0009401927347203874
969,JNK,Actions,0.0010774866267323033,0.00015649050460144192,2522.0,-2.9253271747498073,-1.5328626098505826,Allégé,241406.0,0.0010774866267323033,0.0009209961221308614,,,,
970,BLKB,Actions,0.001053803934332605,-0.0012403134137563862,6115.0,-38.44992450931052,-39.02402440755234,Allégé,236100.0,0.001053803934332605,0.0022941173480889913,0.002032006272272378,,,
971,GHC,Actions,0.0010287331308631163,-0.0012949375471292151,218.0,-62.41379310344828,-3.7628374394767516,Allégé,230483.0,0.0010287331308631163,0.0023236706779923315,0.0022044857337358012,0.001137311466675368,0.0026613551355473383,0.02589248776038455
972,LAZ,Actions,0.0010225379599149858,-0.0011568669566044733,5393.0,-56.17941009181766,-12.52046732555786,Allégé,229095.0,0.0010225379599149858,0.002179404916519459,0.003797278522048595,,,
973,GIB,Actions,0.0010199313462019395,,3126.0,,,Nouveau,228511.0,0.0010199313462019395,,0.0013666617550982226,0.011102754168678253,0.021970064652756513,0.014987611898185723
974,WAY,Actions,0.0010162892284111074,-0.00020859856295780792,9444.0,-7.917316692667707,-26.381627658095454,Allégé,227695.0,0.0010162892284111074,0.0012248877913689153,0.0008012479910908155,,,
975,BKNG,Actions,0.0010147806060908854,-1.5716644084217855,54.0,-99.93294257897874,-21.38085202671125,Allégé,227357.0,0.0010147806060908854,1.5726791890278764,1.644061283854437,1.7782877115692968,1.4334657215031168,0.7200328142586919
976,MAN,Actions,0.0010110358305682042,-0.0031523296339070863,7689.0,-79.97708393010599,-0.9081707496043201,Allégé,226518.0,0.0010110358305682042,0.00416336546447529,,,0.0028204009285921917,0.007863405136770887
977,SOLV,Actions,0.000984545672371406,-0.002861632041816031,3378.0,-74.6205860255447,-17.592243371523697,Allégé,220583.0,0.000984545672371406,0.0038461777141874367,0.015638234466499663,,0.0013338811242655296,0.0028112755842302733
978,TENB,Actions,0.0009490127070125673,-0.004184379545999115,12570.0,-78.98836587322813,-28.11290932884708,Allégé,212622.0,0.0009490127070125673,0.005133392253011682,0.0011669647760729582,,,
979,COLM,Actions,0.0009376980396109021,-0.01549069318465571,3833.0,-95.31269107540294,-0.508138855991036,Allégé,210087.0,0.0009376980396109021,0.016428391224266613,0.0059889272084254225,,,0.010195786065002535
980,SWK,Actions,0.0009251782597049175,,2917.0,,,Nouveau,207282.0,0.0009251782597049175,,,,,
981,LDOS,Actions,0.000912801307947593,-0.0253778650426696,1315.0,-96.7094562470285,-13.79148758000488,Allégé,204509.0,0.000912801307947593,0.026290666350617192,0.0659540032912892,0.11339035537803561,0.09238064539131721,0.12316300168170435
982,PM,Actions,0.0009010670828592389,-0.015273108614807934,1221.0,-95.5842465010307,3.079738311361546,Allégé,201880.0,0.0009010670828592389,0.016174175697667173,0.09805002191976174,0.14222201725839623,0.07161572575053637,0.19502539678557634
983,CALM,Actions,0.0008983801283125712,-0.034449280516648084,2543.0,-97.9124252971695,-0.5280582838511516,Allégé,201278.0,0.0008983801283125712,0.03534766064496066,0.07350936758017537,0.05539350485191592,0.026736297907399748,0.003636237788283814
984,GGB,Actions,0.0007762174274117521,,48174.0,,,Nouveau,173908.0,0.0007762174274117521,,,,,
985,SONO,Actions,0.0007686073651159576,-0.006059090711325082,12851.0,-87.94702732107183,-23.69039204831426,Allégé,172203.0,0.0007686073651159576,0.006827698076441039,0.008513465564475206,,,
986,CLSK,Actions,0.0007388143059813953,-0.01439670625721516,19451.0,-95.25723021854633,-15.909090316201924,Allégé,165528.0,0.0007388143059813953,0.015135520563196555,0.003671904795858796,,,
987,FRSH,Actions,0.0007154217332586627,-0.03969067204623353,19961.0,-97.79312098530664,-34.448913026592024,Allégé,160287.0,0.0007154217332586627,0.04040609377949219,0.053933222916257205,0.06925213146571449,0.06074125903825772,
988,GTM,Actions,0.0007092890496255708,-0.07054346478583313,26574.0,-98.61680559856964,-41.19942952941017,Allégé,158913.0,0.0007092890496255708,0.0712527538354587,0.07012498992471979,0.022019623646212516,,
989,TROX,Actions,0.0006700693326794437,0.00020893308889768957,15366.0,-49.32726553225168,134.2929950894947,Allégé,150126.0,0.0006700693326794437,0.0004611362437817541,0.0017246300873260012,0.028613254225396338,,
990,SNAP,Actions,0.0004258019548131985,,20739.0,,,Nouveau,95399.0,0.0004258019548131985,,,,,
991,TDOC,Actions,0.0002855804198661714,-0.01591096084693935,11740.0,-98.1496629518077,-22.142857142857142,Allégé,63983.0,0.0002855804198661714,0.01619654126680552,0.014648336329936316,0.00036678384548010376,0.0004726324503096552,0.0012034399148937972
992,COUR,Actions,0.0002788630334995023,,10735.0,,,Nouveau,62478.0,0.0002788630334995023,,0.0064330569250476595,,0.0003504240773160296,0.001112545661503027
993,JBLU,Actions,0.0002702576375427329,,13699.0,,,Nouveau,60550.0,0.0002702576375427329,,,,,
